stationName,stepName,total,fail,fail_rate
FT0115977-TB0 Rev A00,BC1 Pressure at VPL = 3.5,2,2.0,1.0
FT0115977-TB0 Rev A00,BC2 Pressure at VPL = 3.5,2,2.0,1.0
FT0115977-TB0 Rev B00,"TA at 3,85 Bar",2,2.0,1.0
FT0123276-TB0 Rev A00,T4 with EV load ON,1,1.0,1.0
FT0115977-TB0 Rev A00,BC1 Pressure at MGDMin,18,17.0,0.9444444444444444
FT0115977-TB0 Rev A00,BC2 Pressure at MGDMin,18,16.0,0.8888888888888888
FT0115977-TB0 Rev A00,TPL Pressure,18,14.0,0.7777777777777778
FT0115977-TB0 Rev A00,TPL Pressure Drop 30 sec,18,14.0,0.7777777777777778
FT0115977-TB0 Rev A00,BC1 Pressure,34,21.0,0.6176470588235294
FT0115977-TB0 Rev A00,BC2 Pressure,34,20.0,0.5882352941176471
FT0115977-TB0 Rev A00,VPL Pressure After Discharge,16,8.0,0.5
FT0123276-TB0 Rev A00,T4 Initial Pressure,2,1.0,0.5
FT0115977-TB0 Rev A00,SerB_MED calculation,18,8.0,0.4444444444444444
FT0115977-TB0 Rev A00,VPL Pressure,16,7.0,0.4375
FT0115977-TB0 Rev E00,BrakeTest Result,108,44.0,0.4074074074074074
FT0115977-TB0 Rev A00,BC1 After Monostable Intervention,16,6.0,0.375
FT0115977-TB0 Rev A00,BC2 After Monostable Intervention,16,6.0,0.375
FT0115977-TB0 Rev A00,BC1 Pressure at VPL = 2.5,14,5.0,0.35714285714285715
FT0115977-TB0 Rev A00,BC2 Pressure at VPL = 2.5,14,5.0,0.35714285714285715
FT0115977-TB0 Rev E00,TPL Pressure at MGDMin,108,38.0,0.35185185185185186
FT0115977-TB0 Rev E00,MJF1 Signal after braketest,108,37.0,0.3425925925925926
FT0115977-TB0 Rev E00,MJF2 Signal after braketest,108,37.0,0.3425925925925926
FT0115977-TB0 Rev E00,LCU1 State,108,36.0,0.3333333333333333
FT0115977-TB0 Rev E00,LCU2 State,108,36.0,0.3333333333333333
FT0115977-TB0 Rev E00,TPL Pressure at MGDBoost,108,36.0,0.3333333333333333
FT0115977-TB0 Rev E00,BC1 Pressure at MGDBoost,108,34.0,0.3148148148148148
FT0115977-TB0 Rev C00,BC1 Pressure at MGDBoost,10,3.0,0.3
FT0115977-TB0 Rev C00,BrakeTest Result,10,3.0,0.3
FT0115977-TB0 Rev C00,LCU1 State,10,3.0,0.3
FT0115977-TB0 Rev C00,LCU2 State,10,3.0,0.3
FT0115977-TB0 Rev C00,MJF1 Signal after braketest,10,3.0,0.3
FT0115977-TB0 Rev C00,MJF2 Signal after braketest,10,3.0,0.3
FT0115977-TB0 Rev C00,TPL Pressure at MGDBoost,10,3.0,0.3
FT0115977-TB0 Rev C00,TPL Pressure at MGDMin,10,3.0,0.3
FT0115977-TB0 Rev B00,TPL Pressure at MGDMin,201,57.0,0.2835820895522388
FT0115977-TB0 Rev E00,BC2 Pressure at MGDBoost,108,29.0,0.26851851851851855
FT0115977-TB0 Rev E00,Check supplied O-Ring kit,16,4.0,0.25
FT0123276-TB0 Rev A00,Calibration check,4,1.0,0.25
FT0115977-TB0 Rev E00,Flash Test Application ETH,18,4.0,0.2222222222222222
FT0115977-TB0 Rev B00,TPL Pressure at MGDBoost,201,42.0,0.208955223880597
FT0115977-TB0 Rev B00,BrakeTest Result,201,39.0,0.19402985074626866
FT0115977-TB0 Rev A00,Trel BC1 release time,16,3.0,0.1875
FT0115977-TB0 Rev B00,MJF1 Signal after braketest,201,37.0,0.18407960199004975
FT0115977-TB0 Rev B00,MJF2 Signal after braketest,201,37.0,0.18407960199004975
FT0115977-TB0 Rev B00,BC1 Pressure at MGDBoost,201,31.0,0.15422885572139303
FT0115977-TB0 Rev B00,LCU1 State,201,31.0,0.15422885572139303
FT0115977-TB0 Rev B00,LCU2 State,201,31.0,0.15422885572139303
FT0115977-TB0 Rev E00,"TBC1 at 3,57  Bar",72,11.0,0.1527777777777778
FT0115977-TB0 Rev E00,"TBC2 at 3,67  Bar",72,11.0,0.1527777777777778
FT0115977-TB0 Rev E00,"TPL at 3,57  Bar",72,11.0,0.1527777777777778
FT0115977-TB0 Rev B00,BC1 Pressure at MGDMin,201,28.0,0.13930348258706468
FT0115977-TB0 Rev A00,Trel BC2 release time,16,2.0,0.125
FT0115977-TB0 Rev B00,BC2 Pressure at MGDBoost,201,25.0,0.12437810945273632
FT0115977-TB0 Rev B00,BC1 Pressure at VPL = 2.5,17,2.0,0.11764705882352941
FT0115977-TB0 Rev B00,BC2 Pressure at VPL = 2.5,17,2.0,0.11764705882352941
FT0115977-TB0 Rev B00,BC2 Pressure at MGDMin,201,22.0,0.10945273631840796
FT0115977-TB0 Rev E00,Read LCU1 Fault,225,23.0,0.10222222222222223
FT0115977-TB0 Rev E00,Read LCU2 Fault,225,23.0,0.10222222222222223
FT0115977-TB0 Rev E00,BC2 Teq,108,11.0,0.10185185185185185
FT0115977-TB0 Rev C00,Trel BC1 release time,10,1.0,0.1
FT0115977-TB0 Rev C00,Trel BC2 release time,10,1.0,0.1
FT0115977-TB0 Rev B00,TPL Pressure Drop 30 sec,201,18.0,0.08955223880597014
FT0115977-TB0 Rev B00,LCU1 Code Id,762,68.0,0.08923884514435695
FT0115977-TB0 Rev B00,Test Application CRC32,230,20.0,0.08695652173913043
FT0115977-TB0 Rev B00,Test Application Release,230,20.0,0.08695652173913043
FT0115977-TB0 Rev B00,EMG Monitoring,234,20.0,0.08547008547008547
FT0115977-TB0 Rev B00,LCU2 Code Id,762,60.0,0.07874015748031496
FT0115977-TB0 Rev E00,BC1 Pressure,108,8.0,0.07407407407407407
FT0115977-TB0 Rev E00,BC2 Pressure,108,8.0,0.07407407407407407
FT0115977-TB0 Rev E00,TPL Pressure,108,8.0,0.07407407407407407
FT0115977-TB0 Rev B00,Flash Test Application,231,17.0,0.0735930735930736
FT0115977-TB0 Rev E00,BC2 Pressure Switch upward threshold,112,8.0,0.07142857142857142
FT0115977-TB0 Rev B00,Test Application Name,231,16.0,0.06926406926406926
FT0115977-TB0 Rev E00,LCU1 Code ID,117,8.0,0.06837606837606838
FT0115977-TB0 Rev E00,LCU2 Code ID,117,8.0,0.06837606837606838
FT0115977-TB0 Rev A00,TBC1 at 6 Bar,15,1.0,0.06666666666666667
FT0115977-TB0 Rev A00,TBC2 at 6 Bar,15,1.0,0.06666666666666667
FT0115977-TB0 Rev A00,TPL at 6 Bar,15,1.0,0.06666666666666667
FT0115977-TB0 Rev A00,EMG Monitoring,17,1.0,0.058823529411764705
FT0115977-TB0 Rev A00,TLP1 Measure,18,1.0,0.05555555555555555
FT0115977-TB0 Rev A00,TLP2 Measure,18,1.0,0.05555555555555555
FT0115977-TB0 Rev A00,TPL Pressure at MGDMin,18,1.0,0.05555555555555555
FT0115977-TB0 Rev E00,LCU1 Code Id,441,24.0,0.05442176870748299
FT0115977-TB0 Rev E00,LCU2 Code Id,441,24.0,0.05442176870748299
FT0115977-TB0 Rev E00,Test Application CRC32,171,9.0,0.05263157894736842
FT0115977-TB0 Rev E00,Test Application Name,171,9.0,0.05263157894736842
FT0115977-TB0 Rev E00,Test Application Release,171,9.0,0.05263157894736842
FT0115977-TB0 Rev B00,Trel BC1 release time,197,10.0,0.050761421319796954
FT0115977-TB0 Rev E00,Check Difference TX-RX Counter,43,2.0,0.046511627906976744
FT0115977-TB0 Rev E00,TPL Pressure Drop 30 sec,108,5.0,0.046296296296296294
FT0115977-TB0 Rev B00,Trel BC2 release time,197,9.0,0.04568527918781726
FT0115977-TB0 Rev B00,BC2 Pressure at SerbMax,793,36.0,0.04539722572509458
FT0115977-TB0 Rev E00,BC1 Pressure at SerbMax,303,13.0,0.0429042904290429
FT0115977-TB0 Rev E00,"TSP1 at 5,613 Bar",72,3.0,0.041666666666666664
FT0115977-TB0 Rev B00,BC1 Pressure Switch upward threshold,199,8.0,0.04020100502512563
FT0115977-TB0 Rev E00,BC2 Pressure at SerbMax,303,12.0,0.039603960396039604
FT0115977-TB0 Rev E00,BC1 Pressure at SerbMin,101,4.0,0.039603960396039604
FT0115977-TB0 Rev E00,BC2 Pressure at SerbMin,101,4.0,0.039603960396039604
FT0115977-TB0 Rev E00,Teq BC1 apply time,101,4.0,0.039603960396039604
FT0115977-TB0 Rev E00,Teq BC2 apply time,101,4.0,0.039603960396039604
FT0115977-TB0 Rev E00,BC1 Pressure at MGDMin,108,4.0,0.037037037037037035
FT0115977-TB0 Rev E00,PSD Measurement PAIR2 [30:100Mhz] 100m Line,113,4.0,0.035398230088495575
FT0115977-TB0 Rev E00,PSD Measurement PAIR3 [30:100Mhz] 100m Line,113,4.0,0.035398230088495575
FT0115977-TB0 Rev E00,TBC1 at 0.5 Bar,115,4.0,0.034782608695652174
FT0115977-TB0 Rev A00,BC1 Electronic Pressure Switch OFF - Brake Applied,116,4.0,0.034482758620689655
FT0115977-TB0 Rev A00,BC2 Electronic Pressure Switch OFF - Brake Applied,116,4.0,0.034482758620689655
FT0115977-TB0 Rev E00,Flash Test Application,153,5.0,0.032679738562091505
FT0115977-TB0 Rev B00,BC2 Pressure at SerbMin,197,6.0,0.030456852791878174
FT0115977-TB0 Rev B00,"TBC2 at 3,85  Bar",201,6.0,0.029850746268656716
FT0115977-TB0 Rev E00,BC1 Electronic Pressure Switch ON - Brake Released,202,6.0,0.0297029702970297
FT0115977-TB0 Rev E00,BC1 Pressure RR1 Active,202,6.0,0.0297029702970297
FT0115977-TB0 Rev E00,Trel BC1 release time,101,3.0,0.0297029702970297
FT0115977-TB0 Rev E00,Trel BC2 release time,101,3.0,0.0297029702970297
FT0115977-TB0 Rev E00,Check Monitoring Vanalog,137,4.0,0.029197080291970802
FT0115977-TB0 Rev A00,LCU1 Code Id,35,1.0,0.02857142857142857
FT0115977-TB0 Rev A00,LCU2 Code Id,35,1.0,0.02857142857142857
FT0115977-TB0 Rev B00,TBC1 at 0 Bar,215,6.0,0.027906976744186046
FT0115977-TB0 Rev E00,BC1 Teq,108,3.0,0.027777777777777776
FT0115977-TB0 Rev E00,"TLP1 at 5,613 Bar",72,2.0,0.027777777777777776
FT0115977-TB0 Rev E00,"TLP2 at 5,613 Bar",72,2.0,0.027777777777777776
FT0115977-TB0 Rev E00,"TSP2 at 5,613 Bar",72,2.0,0.027777777777777776
FT0115977-TB0 Rev E00,TA at 6 Bar,115,3.0,0.02608695652173913
FT0115977-TB0 Rev E00,TBC2 at 0.5 Bar,115,3.0,0.02608695652173913
FT0115977-TB0 Rev E00,TSP1 at 0.5 Bar,115,3.0,0.02608695652173913
FT0115977-TB0 Rev E00,Check RX Counter,1578,34.0,0.021546261089987327
FT0115977-TB0 Rev B00,BC2 Pressure,402,8.0,0.01990049751243781
FT0115977-TB0 Rev E00,BC1 Pressure Switch downhill threshold,112,2.0,0.017857142857142856
FT0115977-TB0 Rev E00,BC1 Pressure Switch upward threshold,112,2.0,0.017857142857142856
FT0115977-TB0 Rev E00,BC2 Pressure Switch downhill threshold,112,2.0,0.017857142857142856
FT0115977-TB0 Rev E00,Check TX Counter,1578,28.0,0.017743979721166033
FT0115977-TB0 Rev E00,Check SPEED1 Diag = 20mA,114,2.0,0.017543859649122806
FT0115977-TB0 Rev E00,Check SPEED2 Diag = 12mA,114,2.0,0.017543859649122806
FT0115977-TB0 Rev E00,Check SPEED2 Diag = 16mA,114,2.0,0.017543859649122806
FT0115977-TB0 Rev E00,Check SPEED2 Diag = 8mA,114,2.0,0.017543859649122806
FT0115977-TB0 Rev E00,TA at 0.5 Bar,115,2.0,0.017391304347826087
FT0115977-TB0 Rev E00,TLP1 at 0.5 Bar,115,2.0,0.017391304347826087
FT0115977-TB0 Rev E00,TLP2 at 0.5 Bar,115,2.0,0.017391304347826087
FT0115977-TB0 Rev E00,TPL at 0.5 Bar,115,2.0,0.017391304347826087
FT0115977-TB0 Rev E00,TSP2 at 0.5 Bar,115,2.0,0.017391304347826087
FT0115977-TB0 Rev E00,Check Monitoring 15V_iso,137,2.0,0.014598540145985401
FT0115977-TB0 Rev B00,BC1 Pressure RR1 Active,394,5.0,0.012690355329949238
FT0115977-TB0 Rev B00,BC1 Pressure Switch downhill threshold,398,5.0,0.01256281407035176
FT0115977-TB0 Rev E00,BC1 Electronic Pressure Switch OFF - Brake Applied,519,6.0,0.011560693641618497
FT0115977-TB0 Rev E00,BC2 Electronic Pressure Switch OFF - Brake Applied,519,6.0,0.011560693641618497
FT0115977-TB0 Rev E00,Link Status,1582,16.0,0.010113780025284451
FT0115977-TB0 Rev B00,BC1 Pressure at SerbMax,793,8.0,0.01008827238335435
FT0115977-TB0 Rev B00,BC2 Pressure Switch upward threshold,199,2.0,0.010050251256281407
FT0115977-TB0 Rev B00,BC1 Teq,201,2.0,0.009950248756218905
FT0115977-TB0 Rev B00,SerB_MED calculation,201,2.0,0.009950248756218905
FT0115977-TB0 Rev B00,TLP1 Measure,201,2.0,0.009950248756218905
FT0115977-TB0 Rev B00,TLP2 Measure,201,2.0,0.009950248756218905
FT0115977-TB0 Rev B00,"TPL at 3,85  Bar",201,2.0,0.009950248756218905
FT0115977-TB0 Rev B00,BC1 After Monostable Intervention,202,2.0,0.009900990099009901
FT0115977-TB0 Rev B00,BC2 After Monostable Intervention,202,2.0,0.009900990099009901
FT0115977-TB0 Rev E00,ETH Analyser setup,215,2.0,0.009302325581395349
FT0115977-TB0 Rev E00,SerB_MED calculation,108,1.0,0.009259259259259259
FT0115977-TB0 Rev E00,Init And Link Stability,339,3.0,0.008849557522123894
FT0115977-TB0 Rev E00,Init And Link Stability 100m Line,339,3.0,0.008849557522123894
FT0115977-TB0 Rev E00,SNR Measurement at 100 Mbit/sec on PAIR2,113,1.0,0.008849557522123894
FT0115977-TB0 Rev E00,SNR Measurement at 100 Mbit/sec on PAIR2 100m Line,113,1.0,0.008849557522123894
FT0115977-TB0 Rev E00,SNR Measurement at 100 Mbit/sec on PAIR3,113,1.0,0.008849557522123894
FT0115977-TB0 Rev E00,SNR Measurement at 100 Mbit/sec on PAIR3 100m Line,113,1.0,0.008849557522123894
FT0115977-TB0 Rev E00,TX POWER PAIR2 @ 100Mbs,113,1.0,0.008849557522123894
FT0115977-TB0 Rev E00,TX POWER PAIR2 @ 100Mbs 100m Line,113,1.0,0.008849557522123894
FT0115977-TB0 Rev E00,Check AI_SPARE1 = 12mA,114,1.0,0.008771929824561403
FT0115977-TB0 Rev E00,Check AI_SPARE1 = 19mA,114,1.0,0.008771929824561403
FT0115977-TB0 Rev E00,Check AI_SPARE1 = 4mA,114,1.0,0.008771929824561403
FT0115977-TB0 Rev E00,Check AI_SPARE2 = 12mA,114,1.0,0.008771929824561403
FT0115977-TB0 Rev E00,Check AI_SPARE2 = 19mA,114,1.0,0.008771929824561403
FT0115977-TB0 Rev E00,Check AI_SPARE2 = 4mA,114,1.0,0.008771929824561403
FT0115977-TB0 Rev E00,Check Ambient Temperature,114,1.0,0.008771929824561403
FT0115977-TB0 Rev E00,TSP1 Mflexx - TSP1 bench at 0.5 Bar,115,1.0,0.008695652173913044
FT0115977-TB0 Rev E00,"TSP1 Mflexx - TSP1 bench at 4,50 Bar",115,1.0,0.008695652173913044
FT0115977-TB0 Rev B00,Inrush Current,234,2.0,0.008547008547008548
FT0115977-TB0 Rev B00,BC1 Electronic Pressure Switch ON - Brake Released,596,5.0,0.008389261744966443
FT0115977-TB0 Rev E00,Check Warning Counter,1578,12.0,0.0076045627376425855
FT0115977-TB0 Rev E00,Check Error Counter,1578,8.0,0.005069708491761723
FT0115977-TB0 Rev B00,BC1 Pressure,402,2.0,0.004975124378109453
FT0115977-TB0 Rev B00,BC2 Teq,201,1.0,0.004975124378109453
FT0115977-TB0 Rev B00,VPL Pressure,201,1.0,0.004975124378109453
FT0115977-TB0 Rev B00,BC1 Electronic Pressure Switch OFF - Brake Applied,1397,0.0,0.0
FT0115977-TB0 Rev B00,BC2 Electronic Pressure Switch OFF - Brake Applied,1397,0.0,0.0
FT0115977-TB0 Rev B00,BCU Command to SerBmax,793,0.0,0.0
FT0115977-TB0 Rev B00,MJF1 Signal,528,0.0,0.0
FT0115977-TB0 Rev B00,MJF2 Signal,528,0.0,0.0
FT0115977-TB0 Rev E00,MJF1 Signal,441,0.0,0.0
FT0115977-TB0 Rev E00,MJF2 Signal,441,0.0,0.0
FT0115977-TB0 Rev B00,Safety Loop Closed,399,0.0,0.0
FT0115977-TB0 Rev B00,BC2 Electronic Pressure Switch  ON - Brake Released,394,0.0,0.0
FT0115977-TB0 Rev B00,BC2 Pressure RR2 Active,394,0.0,0.0
FT0115977-TB0 Rev E00,BCU Command to SerBmax,303,0.0,0.0
FT0115977-TB0 Rev B00,Cable & automatic valves setup,256,0.0,0.0
FT0115977-TB0 Rev B00,Initial Setup,256,0.0,0.0
FT0115977-TB0 Rev B00,Battery Voltage,234,0.0,0.0
FT0115977-TB0 Rev B00,Power ON,234,0.0,0.0
FT0115977-TB0 Rev B00,Start Programming,231,0.0,0.0
FT0115977-TB0 Rev B00,Power ON Vbat,230,0.0,0.0
FT0115977-TB0 Rev E00,Check Ping to UUT address 192.168.67.60,226,0.0,0.0
FT0115977-TB0 Rev B00,TA Mflexx - TA bench at 0.5 Bar,215,0.0,0.0
FT0115977-TB0 Rev B00,TA Mflexx - TA bench at 6 Bar,215,0.0,0.0
FT0115977-TB0 Rev B00,TA at 0.5 Bar,215,0.0,0.0
FT0115977-TB0 Rev B00,TBC1 Mflexx - TBC1 bench at 0.5 Bar,215,0.0,0.0
FT0115977-TB0 Rev B00,TBC1 at 0.5 Bar,215,0.0,0.0
FT0115977-TB0 Rev B00,TBC2 Mflexx - TBC2 bench at 0.5 Bar,215,0.0,0.0
FT0115977-TB0 Rev B00,TBC2 at 0 Bar,215,0.0,0.0
FT0115977-TB0 Rev B00,TBC2 at 0.5 Bar,215,0.0,0.0
FT0115977-TB0 Rev B00,TLP1 Mflexx - TLP1 bench at 0.5 Bar,215,0.0,0.0
FT0115977-TB0 Rev B00,TLP1 at 0 Bar,215,0.0,0.0
FT0115977-TB0 Rev B00,TLP1 at 0.5 Bar,215,0.0,0.0
FT0115977-TB0 Rev B00,TLP2 Mflexx - TLP2 bench at 0.5 Bar,215,0.0,0.0
FT0115977-TB0 Rev B00,TLP2 at 0 Bar,215,0.0,0.0
FT0115977-TB0 Rev B00,TLP2 at 0.5 Bar,215,0.0,0.0
FT0115977-TB0 Rev B00,TPL Mflexx - TPL bench at 0.5 Bar,215,0.0,0.0
FT0115977-TB0 Rev B00,TPL at 0 Bar,215,0.0,0.0
FT0115977-TB0 Rev B00,TPL at 0.5 Bar,215,0.0,0.0
FT0115977-TB0 Rev B00,TSP1 Mflexx - TSP1 bench at 0.5 Bar,215,0.0,0.0
FT0115977-TB0 Rev B00,TSP1 at 0 Bar,215,0.0,0.0
FT0115977-TB0 Rev B00,TSP1 at 0.5 Bar,215,0.0,0.0
FT0115977-TB0 Rev B00,TSP2 Mflexx - TSP2 bench at 0.5 Bar,215,0.0,0.0
FT0115977-TB0 Rev B00,TSP2 at 0 Bar,215,0.0,0.0
FT0115977-TB0 Rev B00,TSP2 at 0.5 Bar,215,0.0,0.0
FT0115977-TB0 Rev E00,Initial Setup,215,0.0,0.0
FT0115977-TB0 Rev E00,Power On,215,0.0,0.0
FT0115977-TB0 Rev B00,TA at 0 Bar,214,0.0,0.0
FT0115977-TB0 Rev B00,TA at 6 Bar,213,0.0,0.0
FT0115977-TB0 Rev B00,BC1 WSP FILL & VENT Active,202,0.0,0.0
FT0115977-TB0 Rev B00,BC2 Electronic Pressure Switch ON - Brake Released,202,0.0,0.0
FT0115977-TB0 Rev B00,BC2 WSP FILL & VENT Active,202,0.0,0.0
FT0115977-TB0 Rev B00,WSP FILL & VENT Activation,202,0.0,0.0
FT0115977-TB0 Rev B00,Wait 12 sec,202,0.0,0.0
FT0115977-TB0 Rev E00,BC2 Electronic Pressure Switch  ON - Brake Released,202,0.0,0.0
FT0115977-TB0 Rev E00,BC2 Pressure RR2 Active,202,0.0,0.0
FT0115977-TB0 Rev B00,AR Pressure After Discharge,201,0.0,0.0
FT0115977-TB0 Rev B00,BC1 Brake Released,201,0.0,0.0
FT0115977-TB0 Rev B00,BC1 Pressure After Discharge,201,0.0,0.0
FT0115977-TB0 Rev B00,BC2 Brake Released,201,0.0,0.0
FT0115977-TB0 Rev B00,BC2 Pressure After Discharge,201,0.0,0.0
FT0115977-TB0 Rev B00,EVF Activation,201,0.0,0.0
FT0115977-TB0 Rev B00,"LOAD OFF, UNLOAD OFF",201,0.0,0.0
FT0115977-TB0 Rev B00,MJF1 Signal before braketest,201,0.0,0.0
FT0115977-TB0 Rev B00,MJF2 Signal before braketest,201,0.0,0.0
FT0115977-TB0 Rev B00,Start Braketest,201,0.0,0.0
FT0115977-TB0 Rev B00,"TBC1 at 3,85  Bar",201,0.0,0.0
FT0115977-TB0 Rev B00,"TLP1 at 5,45 Bar",201,0.0,0.0
FT0115977-TB0 Rev B00,"TLP2 at 5,45 Bar",201,0.0,0.0
FT0115977-TB0 Rev B00,TLP_MED Apply,201,0.0,0.0
FT0115977-TB0 Rev B00,TPL Pressure,201,0.0,0.0
FT0115977-TB0 Rev B00,"TSP1 at 5,45 Bar",201,0.0,0.0
FT0115977-TB0 Rev B00,"TSP2 at 5,45 Bar",201,0.0,0.0
FT0115977-TB0 Rev B00,VPL Pressure After Discharge,201,0.0,0.0
FT0115977-TB0 Rev B00,VPL Pressure Reg,201,0.0,0.0
FT0115977-TB0 Rev B00,"BC1 Pressure EVF, EVS Active",197,0.0,0.0
FT0115977-TB0 Rev B00,BC1 Pressure at SerbMin,197,0.0,0.0
FT0115977-TB0 Rev B00,"BC2 Pressure EVF, EVS Active",197,0.0,0.0
FT0115977-TB0 Rev B00,BCU Command to SerBmin,197,0.0,0.0
FT0115977-TB0 Rev B00,"EVF, EVS  Activation",197,0.0,0.0
FT0115977-TB0 Rev B00,RR1 & RR2 External Activation,197,0.0,0.0
FT0115977-TB0 Rev B00,RR1 & RR2 Internal Activation,197,0.0,0.0
FT0115977-TB0 Rev B00,Teq BC1 apply time,197,0.0,0.0
FT0115977-TB0 Rev B00,Teq BC2 apply time,197,0.0,0.0
FT0115977-TB0 Rev B00,BC1 Pressure at VPL = 2.7,184,0.0,0.0
FT0115977-TB0 Rev B00,BC1 and BC2 to 3.85 Bar,184,0.0,0.0
FT0115977-TB0 Rev B00,BC2 Pressure at VPL = 2.7,184,0.0,0.0
FT0115977-TB0 Rev B00,Test Base Arranged to FT0106512-106,176,0.0,0.0
FT0115977-TB0 Rev B00,Test Base Arranged to FT0106512-109,176,0.0,0.0
FT0115977-TB0 Rev B00,Test Base Arranged to FT0106512-111,176,0.0,0.0
FT0115977-TB0 Rev E00,Power ON Vbat,171,0.0,0.0
FT0115977-TB0 Rev E00,Start Programming,171,0.0,0.0
FT0115977-TB0 Rev E00,Test Base Arranged to FT0106512-106,147,0.0,0.0
FT0115977-TB0 Rev E00,Test Base Arranged to FT0106512-109,147,0.0,0.0
FT0115977-TB0 Rev E00,Test Base Arranged to FT0106512-111,147,0.0,0.0
FT0115977-TB0 Rev B00,"TBC1 Mflexx - TBC1 bench at 3,85 Bar",140,0.0,0.0
FT0115977-TB0 Rev B00,"TBC2 Mflexx - TBC2 bench at 3,85 Bar",140,0.0,0.0
FT0115977-TB0 Rev B00,"TLP1 Mflexx - TLP1 bench at 5,45 Bar",140,0.0,0.0
FT0115977-TB0 Rev B00,"TLP2 Mflexx - TLP2 bench at 5,45 Bar",140,0.0,0.0
FT0115977-TB0 Rev B00,"TPL Mflexx - TPL bench at 3,85 Bar",140,0.0,0.0
FT0115977-TB0 Rev B00,"TSP1 Mflexx - TSP1 bench at 5,45 Bar",140,0.0,0.0
FT0115977-TB0 Rev B00,"TSP2 Mflexx - TSP2 bench at 5,45 Bar",140,0.0,0.0
FT0115977-TB0 Rev E00,Battery Voltage,137,0.0,0.0
FT0115977-TB0 Rev E00,Check Monitoring Vdigital,137,0.0,0.0
FT0115977-TB0 Rev E00,EMG Monitoring,137,0.0,0.0
FT0115977-TB0 Rev E00,Inrush Current,137,0.0,0.0
FT0115977-TB0 Rev E00,Power ON,137,0.0,0.0
FT0115977-TB0 Rev E00,Start and Stop Communication on CAN-IN,117,0.0,0.0
FT0115977-TB0 Rev E00,Start and Stop Communication on CAN-OUT,117,0.0,0.0
FT0115977-TB0 Rev E00,Check DigIn1a = Off,115,0.0,0.0
FT0115977-TB0 Rev E00,Check DigIn1a = On,115,0.0,0.0
FT0115977-TB0 Rev E00,Check DigIn1b = Off,115,0.0,0.0
FT0115977-TB0 Rev E00,Check DigIn1b = On,115,0.0,0.0
FT0115977-TB0 Rev E00,Check DigIn1c = Off,115,0.0,0.0
FT0115977-TB0 Rev E00,Check DigIn1c = On,115,0.0,0.0
FT0115977-TB0 Rev E00,Check DigIn1d = Off,115,0.0,0.0
FT0115977-TB0 Rev E00,Check DigIn1d = On,115,0.0,0.0
FT0115977-TB0 Rev E00,Check DigIn2a = Off,115,0.0,0.0
FT0115977-TB0 Rev E00,Check DigIn2a = On,115,0.0,0.0
FT0115977-TB0 Rev E00,Check DigIn2b = Off,115,0.0,0.0
FT0115977-TB0 Rev E00,Check DigIn2b = On,115,0.0,0.0
FT0115977-TB0 Rev E00,Check DigIn2c = Off,115,0.0,0.0
FT0115977-TB0 Rev E00,Check DigIn2c = On,115,0.0,0.0
FT0115977-TB0 Rev E00,Check DigIn2d = Off,115,0.0,0.0
FT0115977-TB0 Rev E00,Check DigIn2d = On,115,0.0,0.0
FT0115977-TB0 Rev E00,Check PARK_ON = Off,115,0.0,0.0
FT0115977-TB0 Rev E00,Check PARK_ON = On,115,0.0,0.0
FT0115977-TB0 Rev E00,Check PWM1 = Off,115,0.0,0.0
FT0115977-TB0 Rev E00,Check PWM1 = On,115,0.0,0.0
FT0115977-TB0 Rev E00,Check PWM2 = Off,115,0.0,0.0
FT0115977-TB0 Rev E00,Check PWM2 = On,115,0.0,0.0
FT0115977-TB0 Rev E00,Check RR1 = Off,115,0.0,0.0
FT0115977-TB0 Rev E00,Check RR1 = On,115,0.0,0.0
FT0115977-TB0 Rev E00,Check RR2 = Off,115,0.0,0.0
FT0115977-TB0 Rev E00,Check RR2 = On,115,0.0,0.0
FT0115977-TB0 Rev E00,Check SAF_Loop1 = Off,115,0.0,0.0
FT0115977-TB0 Rev E00,Check SAF_Loop1 = On,115,0.0,0.0
FT0115977-TB0 Rev E00,Check SAF_Loop2 = Off,115,0.0,0.0
FT0115977-TB0 Rev E00,Check SAF_Loop2 = On,115,0.0,0.0
FT0115977-TB0 Rev E00,TA Mflexx - TA bench at 0.5 Bar,115,0.0,0.0
FT0115977-TB0 Rev E00,TA Mflexx - TA bench at 6 Bar,115,0.0,0.0
FT0115977-TB0 Rev E00,TA at 0 Bar,115,0.0,0.0
FT0115977-TB0 Rev E00,TBC1 Mflexx - TBC1 bench at 0.5 Bar,115,0.0,0.0
FT0115977-TB0 Rev E00,"TBC1 Mflexx - TBC1 bench at 3,85 Bar",115,0.0,0.0
FT0115977-TB0 Rev E00,TBC1 at 0 Bar,115,0.0,0.0
FT0115977-TB0 Rev E00,TBC2 Mflexx - TBC2 bench at 0.5 Bar,115,0.0,0.0
FT0115977-TB0 Rev E00,"TBC2 Mflexx - TBC2 bench at 3,85 Bar",115,0.0,0.0
FT0115977-TB0 Rev E00,TBC2 at 0 Bar,115,0.0,0.0
FT0115977-TB0 Rev E00,TLP1 Mflexx - TLP1 bench at 0.5 Bar,115,0.0,0.0
FT0115977-TB0 Rev E00,"TLP1 Mflexx - TLP1 bench at 4,50 Bar",115,0.0,0.0
FT0115977-TB0 Rev E00,TLP1 at 0 Bar,115,0.0,0.0
FT0115977-TB0 Rev E00,TLP2 Mflexx - TLP2 bench at 0.5 Bar,115,0.0,0.0
FT0115977-TB0 Rev E00,"TLP2 Mflexx - TLP2 bench at 4,50 Bar",115,0.0,0.0
FT0115977-TB0 Rev E00,TLP2 at 0 Bar,115,0.0,0.0
FT0115977-TB0 Rev E00,TPL Mflexx - TPL bench at 0.5 Bar,115,0.0,0.0
FT0115977-TB0 Rev E00,"TPL Mflexx - TPL bench at 3,85 Bar",115,0.0,0.0
FT0115977-TB0 Rev E00,TPL at 0 Bar,115,0.0,0.0
FT0115977-TB0 Rev E00,TSP1 at 0 Bar,115,0.0,0.0
FT0115977-TB0 Rev E00,TSP2 Mflexx - TSP2 bench at 0.5 Bar,115,0.0,0.0
FT0115977-TB0 Rev E00,"TSP2 Mflexx - TSP2 bench at 4,50 Bar",115,0.0,0.0
FT0115977-TB0 Rev E00,TSP2 at 0 Bar,115,0.0,0.0
FT0115977-TB0 Rev E00,Check +15V_iso_a1 = 15V,114,0.0,0.0
FT0115977-TB0 Rev E00,Check +15V_iso_a2 = 15V,114,0.0,0.0
FT0115977-TB0 Rev E00,Check +15V_iso_s1 = 15V,114,0.0,0.0
FT0115977-TB0 Rev E00,Check +15V_iso_s2 = 15V,114,0.0,0.0
FT0115977-TB0 Rev E00,Check DO_Spare1 = Off,114,0.0,0.0
FT0115977-TB0 Rev E00,Check DO_Spare1 = On,114,0.0,0.0
FT0115977-TB0 Rev E00,Check DO_Spare2 = Off,114,0.0,0.0
FT0115977-TB0 Rev E00,Check DO_Spare2 = On,114,0.0,0.0
FT0115977-TB0 Rev E00,Check DO_Spare3 = Off,114,0.0,0.0
FT0115977-TB0 Rev E00,Check DO_Spare3 = On,114,0.0,0.0
FT0115977-TB0 Rev E00,Check RL_Spare1 = Off,114,0.0,0.0
FT0115977-TB0 Rev E00,Check RL_Spare1 = On,114,0.0,0.0
FT0115977-TB0 Rev E00,Check RL_Spare2 = Off,114,0.0,0.0
FT0115977-TB0 Rev E00,Check RL_Spare2 = On,114,0.0,0.0
FT0115977-TB0 Rev E00,Check SPEED diagnostic,114,0.0,0.0
FT0115977-TB0 Rev E00,Check SPEED frequences,114,0.0,0.0
FT0115977-TB0 Rev E00,Check SPEED1 = 100Hz,114,0.0,0.0
FT0115977-TB0 Rev E00,Check SPEED1 = 1500Hz,114,0.0,0.0
FT0115977-TB0 Rev E00,Check SPEED1 = 3000Hz,114,0.0,0.0
FT0115977-TB0 Rev E00,Check SPEED1 = 500Hz,114,0.0,0.0
FT0115977-TB0 Rev E00,Check SPEED1 Diag = 0mA,114,0.0,0.0
FT0115977-TB0 Rev E00,Check SPEED1 Diag = 12mA,114,0.0,0.0
FT0115977-TB0 Rev E00,Check SPEED1 Diag = 16mA,114,0.0,0.0
FT0115977-TB0 Rev E00,Check SPEED1 Diag = 8mA,114,0.0,0.0
FT0115977-TB0 Rev E00,Check SPEED2 = 100Hz,114,0.0,0.0
FT0115977-TB0 Rev E00,Check SPEED2 = 1500Hz,114,0.0,0.0
FT0115977-TB0 Rev E00,Check SPEED2 = 3000Hz,114,0.0,0.0
FT0115977-TB0 Rev E00,Check SPEED2 = 500Hz,114,0.0,0.0
FT0115977-TB0 Rev E00,Check SPEED2 Diag = 0mA,114,0.0,0.0
FT0115977-TB0 Rev E00,Check SPEED2 Diag = 20mA,114,0.0,0.0
FT0115977-TB0 Rev E00,PWM Used as Digital Inputs on FT0109253-102,114,0.0,0.0
FT0115977-TB0 Rev E00,PSD Measurement PAIR2 [1:30Mhz],113,0.0,0.0
FT0115977-TB0 Rev E00,PSD Measurement PAIR2 [1:30Mhz] 100m Line,113,0.0,0.0
FT0115977-TB0 Rev E00,PSD Measurement PAIR2 [30:100Mhz],113,0.0,0.0
FT0115977-TB0 Rev E00,PSD Measurement PAIR3 [1:30Mhz],113,0.0,0.0
FT0115977-TB0 Rev E00,PSD Measurement PAIR3 [1:30Mhz] 100m Line,113,0.0,0.0
FT0115977-TB0 Rev E00,PSD Measurement PAIR3 [30:100Mhz],113,0.0,0.0
FT0115977-TB0 Rev E00,Check Communication with termination on IN1 Line,112,0.0,0.0
FT0115977-TB0 Rev E00,Check Communication with termination on IN2 Line,112,0.0,0.0
FT0115977-TB0 Rev E00,Check Communication with termination on OUT1 Line,112,0.0,0.0
FT0115977-TB0 Rev E00,Check Communication with termination on OUT2 Line,112,0.0,0.0
FT0115977-TB0 Rev E00,Check Communication without termination on IN1 Line,112,0.0,0.0
FT0115977-TB0 Rev E00,Check Communication without termination on IN2 Line,112,0.0,0.0
FT0115977-TB0 Rev E00,Check Communication without termination on OUT1 Line,112,0.0,0.0
FT0115977-TB0 Rev E00,Check Communication without termination on OUT2 Line,112,0.0,0.0
FT0115977-TB0 Rev E00,Check relay CC on IN1 Line,112,0.0,0.0
FT0115977-TB0 Rev E00,Check relay CC on IN2 Line,112,0.0,0.0
FT0115977-TB0 Rev E00,Check relay CC on OUT1 Line,112,0.0,0.0
FT0115977-TB0 Rev E00,Check relay CC on OUT2 Line,112,0.0,0.0
FT0115977-TB0 Rev E00,Check current flow in RR1 and RR2,110,0.0,0.0
FT0115977-TB0 Rev E00,MVB Not Installed on FT0128267-100,110,0.0,0.0
FT0115977-TB0 Rev E00,Test IoT,109,0.0,0.0
FT0115977-TB0 Rev E00,BC1 Brake Released,108,0.0,0.0
FT0115977-TB0 Rev E00,BC2 Brake Released,108,0.0,0.0
FT0115977-TB0 Rev E00,BC2 Pressure at MGDMin,108,0.0,0.0
FT0115977-TB0 Rev E00,"LOAD OFF, UNLOAD OFF",108,0.0,0.0
FT0115977-TB0 Rev E00,MJF1 Signal before braketest,108,0.0,0.0
FT0115977-TB0 Rev E00,MJF2 Signal before braketest,108,0.0,0.0
FT0115977-TB0 Rev E00,Start Braketest,108,0.0,0.0
FT0115977-TB0 Rev E00,TLP1 Measure,108,0.0,0.0
FT0115977-TB0 Rev E00,TLP2 Measure,108,0.0,0.0
FT0115977-TB0 Rev E00,TLP_MED Apply,108,0.0,0.0
FT0115977-TB0 Rev E00,"BC1 Pressure EVF, EVS Active",101,0.0,0.0
FT0115977-TB0 Rev E00,"BC2 Pressure EVF, EVS Active",101,0.0,0.0
FT0115977-TB0 Rev E00,BCU Command to SerBmin,101,0.0,0.0
FT0115977-TB0 Rev E00,"EVF, EVS  Activation",101,0.0,0.0
FT0115977-TB0 Rev E00,RR1 & RR2 External Activation,101,0.0,0.0
FT0115977-TB0 Rev E00,RR1 & RR2 Internal Activation,101,0.0,0.0
FT0115977-TB0 Rev E00,Safety Loop Closed,101,0.0,0.0
FT0115977-TB0 REV B00,Pressure discharge,75,0.0,0.0
FT0115977-TB0 Rev B00,TBC1 Mflexx - TBC1 bench at 6 Bar,75,0.0,0.0
FT0115977-TB0 Rev B00,TBC2 Mflexx - TBC2 bench at 6 Bar,75,0.0,0.0
FT0115977-TB0 Rev B00,TLP1 Mflexx - TLP1 bench at 6 Bar,75,0.0,0.0
FT0115977-TB0 Rev B00,TLP2 Mflexx - TLP2 bench at 6 Bar,75,0.0,0.0
FT0115977-TB0 Rev B00,TPL Mflexx - TPL bench at 6 Bar,75,0.0,0.0
FT0115977-TB0 Rev B00,TSP1 Mflexx - TSP1 bench at 6 Bar,75,0.0,0.0
FT0115977-TB0 Rev B00,TSP2 Mflexx - TSP2 bench at 6 Bar,75,0.0,0.0
FT0115977-TB0 Rev C00,BC1 Electronic Pressure Switch OFF - Brake Applied,70,0.0,0.0
FT0115977-TB0 Rev C00,BC2 Electronic Pressure Switch OFF - Brake Applied,70,0.0,0.0
FT0115977-TB0 REV B00,Wait 5 minutes for leakage test...,66,0.0,0.0
FT0115977-TB0 REV B00,Wait 5 minutes for pressure stabilization...,66,0.0,0.0
FT0115977-TB0 Rev A00,BC1 Pressure at SerbMax,64,0.0,0.0
FT0115977-TB0 Rev A00,BC2 Pressure at SerbMax,64,0.0,0.0
FT0115977-TB0 Rev A00,BCU Command to SerBmax,64,0.0,0.0
FT0115977-TB0 REV B00,Check AR1 (T1) leakage,57,0.0,0.0
FT0115977-TB0 REV B00,Check AR2 (T2) leakage,57,0.0,0.0
FT0115977-TB0 REV B00,Check TPL (T8) leakage,57,0.0,0.0
FT0115977-TB0 REV B00,Record AR1 (T1) initial pressure,57,0.0,0.0
FT0115977-TB0 REV B00,Record AR2 (T2) initial pressure,57,0.0,0.0
FT0115977-TB0 REV B00,Test AR1 (T1) pressure,57,0.0,0.0
FT0115977-TB0 REV B00,Test AR2 (T2) pressure,57,0.0,0.0
FT0115977-TB0 Rev A00,BC1 Electronic Pressure Switch ON - Brake Released,48,0.0,0.0
FT0115977-TB0 Rev E00,"TBC1 at 3,85  Bar",43,0.0,0.0
FT0115977-TB0 Rev E00,"TBC2 at 3,85  Bar",43,0.0,0.0
FT0115977-TB0 Rev E00,"TLP1 at 5,45 Bar",43,0.0,0.0
FT0115977-TB0 Rev E00,"TLP2 at 5,45 Bar",43,0.0,0.0
FT0115977-TB0 Rev E00,"TPL at 3,85  Bar",43,0.0,0.0
FT0115977-TB0 Rev E00,"TSP1 at 5,45 Bar",43,0.0,0.0
FT0115977-TB0 Rev E00,"TSP2 at 5,45 Bar",43,0.0,0.0
FT0115977-TB0 Rev C00,BC1 Pressure at SerbMax,40,0.0,0.0
FT0115977-TB0 Rev C00,BC2 Pressure at SerbMax,40,0.0,0.0
FT0115977-TB0 Rev C00,BCU Command to SerBmax,40,0.0,0.0
FT0115977-TB0 REV B00,Test BA = MGD_BOOST (T8) pressure,39,0.0,0.0
FT0115977-TB0 REV B00,Check BC1 (T10) discharged,38,0.0,0.0
FT0115977-TB0 REV B00,Check BC2 (T12) discharged,38,0.0,0.0
FT0115977-TB0 REV B00,Record BC1 = 0bar (T10) initial pressure,38,0.0,0.0
FT0115977-TB0 REV B00,Record BC2 = 0bar (T12) initial pressure,38,0.0,0.0
FT0115977-TB0 Rev A00,BC1 Pressure RR1 Active,32,0.0,0.0
FT0115977-TB0 Rev A00,BC1 Pressure Switch downhill threshold,32,0.0,0.0
FT0115977-TB0 Rev A00,BC2 Electronic Pressure Switch  ON - Brake Released,32,0.0,0.0
FT0115977-TB0 Rev A00,BC2 Pressure RR2 Active,32,0.0,0.0
FT0115977-TB0 Rev A00,Safety Loop Closed,32,0.0,0.0
FT0115977-TB0 Rev C00,LCU1 Code Id,31,0.0,0.0
FT0115977-TB0 Rev C00,LCU2 Code Id,31,0.0,0.0
FT0115977-TB0 REV B00,Record BA = MGD_BOOST (T8) initial pressure,30,0.0,0.0
FT0115977-TB0 Rev C00,BC1 Electronic Pressure Switch ON - Brake Released,30,0.0,0.0
FT0115977-TB0 REV B00,Check BC1 (T10) leakage,28,0.0,0.0
FT0115977-TB0 REV B00,Check BC2 (T12) leakage,28,0.0,0.0
FT0115977-TB0 REV B00,Record BC1 = TPL-0.1bar (T10) initial pressure,28,0.0,0.0
FT0115977-TB0 REV B00,Record BC2 = TPL-0.1bar (T12) initial pressure,28,0.0,0.0
FT0115977-TB0 REV B00,Record BA = MGD_MIN (T8) initial pressure,27,0.0,0.0
FT0115977-TB0 REV B00,Test BA = MGD_MIN (T8) pressure,27,0.0,0.0
FT0115977-TB0 Rev A00,Cable & automatic valves setup,22,0.0,0.0
FT0115977-TB0 Rev A00,Initial Setup,22,0.0,0.0
FT0115977-TB0 Rev C00,MJF1 Signal,21,0.0,0.0
FT0115977-TB0 Rev C00,MJF2 Signal,21,0.0,0.0
FT0115977-TB0 Rev C00,BC1 Pressure RR1 Active,20,0.0,0.0
FT0115977-TB0 Rev C00,BC2 Electronic Pressure Switch  ON - Brake Released,20,0.0,0.0
FT0115977-TB0 Rev C00,BC2 Pressure RR2 Active,20,0.0,0.0
FT0115977-TB0 Rev C00,Safety Loop Closed,20,0.0,0.0
FT0115977-TB0 Rev C00,BC1 Pressure,19,0.0,0.0
FT0115977-TB0 Rev C00,BC2 Pressure,19,0.0,0.0
FT0115977-TB0 Rev A00,BC1 Brake Released,18,0.0,0.0
FT0115977-TB0 Rev A00,BC1 Pressure at MGDBoost,18,0.0,0.0
FT0115977-TB0 Rev A00,BC1 Teq,18,0.0,0.0
FT0115977-TB0 Rev A00,BC2 Brake Released,18,0.0,0.0
FT0115977-TB0 Rev A00,BC2 Pressure at MGDBoost,18,0.0,0.0
FT0115977-TB0 Rev A00,BC2 Teq,18,0.0,0.0
FT0115977-TB0 Rev A00,BrakeTest Result,18,0.0,0.0
FT0115977-TB0 Rev A00,LCU1 State,18,0.0,0.0
FT0115977-TB0 Rev A00,LCU2 State,18,0.0,0.0
FT0115977-TB0 Rev A00,"LOAD OFF, UNLOAD OFF",18,0.0,0.0
FT0115977-TB0 Rev A00,MJF1 Signal,18,0.0,0.0
FT0115977-TB0 Rev A00,MJF1 Signal after braketest,18,0.0,0.0
FT0115977-TB0 Rev A00,MJF1 Signal before braketest,18,0.0,0.0
FT0115977-TB0 Rev A00,MJF2 Signal,18,0.0,0.0
FT0115977-TB0 Rev A00,MJF2 Signal after braketest,18,0.0,0.0
FT0115977-TB0 Rev A00,MJF2 Signal before braketest,18,0.0,0.0
FT0115977-TB0 Rev A00,Start Braketest,18,0.0,0.0
FT0115977-TB0 Rev A00,TLP_MED Apply,18,0.0,0.0
FT0115977-TB0 Rev A00,TPL Pressure at MGDBoost,18,0.0,0.0
FT0115977-TB0 Rev A00,Battery Voltage,17,0.0,0.0
FT0115977-TB0 Rev A00,Inrush Current,17,0.0,0.0
FT0115977-TB0 Rev A00,Power ON,17,0.0,0.0
FT0115977-TB0 Rev B00,BC1 and BC2 to 6.0 Bar,17,0.0,0.0
FT0115977-TB0 Rev A00,AR Pressure After Discharge,16,0.0,0.0
FT0115977-TB0 Rev A00,BC1 Pressure After Discharge,16,0.0,0.0
FT0115977-TB0 Rev A00,"BC1 Pressure EVF, EVS Active",16,0.0,0.0
FT0115977-TB0 Rev A00,BC1 Pressure Switch upward threshold,16,0.0,0.0
FT0115977-TB0 Rev A00,BC1 Pressure at SerbMin,16,0.0,0.0
FT0115977-TB0 Rev A00,BC1 WSP FILL & VENT Active,16,0.0,0.0
FT0115977-TB0 Rev A00,BC1 and BC2 to 6.0 Bar,16,0.0,0.0
FT0115977-TB0 Rev A00,BC2 Electronic Pressure Switch ON - Brake Released,16,0.0,0.0
FT0115977-TB0 Rev A00,BC2 Pressure After Discharge,16,0.0,0.0
FT0115977-TB0 Rev A00,"BC2 Pressure EVF, EVS Active",16,0.0,0.0
FT0115977-TB0 Rev A00,BC2 Pressure Switch upward threshold,16,0.0,0.0
FT0115977-TB0 Rev A00,BC2 Pressure at SerbMin,16,0.0,0.0
FT0115977-TB0 Rev A00,BC2 WSP FILL & VENT Active,16,0.0,0.0
FT0115977-TB0 Rev A00,BCU Command to SerBmin,16,0.0,0.0
FT0115977-TB0 Rev A00,EVF Activation,16,0.0,0.0
FT0115977-TB0 Rev A00,"EVF, EVS  Activation",16,0.0,0.0
FT0115977-TB0 Rev A00,RR1 & RR2 External Activation,16,0.0,0.0
FT0115977-TB0 Rev A00,RR1 & RR2 Internal Activation,16,0.0,0.0
FT0115977-TB0 Rev A00,Teq BC1 apply time,16,0.0,0.0
FT0115977-TB0 Rev A00,Teq BC2 apply time,16,0.0,0.0
FT0115977-TB0 Rev A00,VPL Pressure Reg,16,0.0,0.0
FT0115977-TB0 Rev A00,WSP FILL & VENT Activation,16,0.0,0.0
FT0115977-TB0 Rev A00,Wait 12 sec,16,0.0,0.0
FT0115977-TB0 Rev A00,TA Mflexx - TA bench at 0.5 Bar,15,0.0,0.0
FT0115977-TB0 Rev A00,TA Mflexx - TA bench at 6 Bar,15,0.0,0.0
FT0115977-TB0 Rev A00,TA at 0 Bar,15,0.0,0.0
FT0115977-TB0 Rev A00,TA at 0.5 Bar,15,0.0,0.0
FT0115977-TB0 Rev A00,TA at 6 Bar,15,0.0,0.0
FT0115977-TB0 Rev A00,TBC1 Mflexx - TBC1 bench at 0.5 Bar,15,0.0,0.0
FT0115977-TB0 Rev A00,TBC1 Mflexx - TBC1 bench at 6 Bar,15,0.0,0.0
FT0115977-TB0 Rev A00,TBC1 at 0 Bar,15,0.0,0.0
FT0115977-TB0 Rev A00,TBC1 at 0.5 Bar,15,0.0,0.0
FT0115977-TB0 Rev A00,TBC2 Mflexx - TBC2 bench at 0.5 Bar,15,0.0,0.0
FT0115977-TB0 Rev A00,TBC2 Mflexx - TBC2 bench at 6 Bar,15,0.0,0.0
FT0115977-TB0 Rev A00,TBC2 at 0 Bar,15,0.0,0.0
FT0115977-TB0 Rev A00,TBC2 at 0.5 Bar,15,0.0,0.0
FT0115977-TB0 Rev A00,TLP1 Mflexx - TLP1 bench at 0.5 Bar,15,0.0,0.0
FT0115977-TB0 Rev A00,TLP1 Mflexx - TLP1 bench at 6 Bar,15,0.0,0.0
FT0115977-TB0 Rev A00,TLP1 at 0 Bar,15,0.0,0.0
FT0115977-TB0 Rev A00,TLP1 at 0.5 Bar,15,0.0,0.0
FT0115977-TB0 Rev A00,TLP2 Mflexx - TLP2 bench at 0.5 Bar,15,0.0,0.0
FT0115977-TB0 Rev A00,TLP2 Mflexx - TLP2 bench at 6 Bar,15,0.0,0.0
FT0115977-TB0 Rev A00,TLP2 at 0 Bar,15,0.0,0.0
FT0115977-TB0 Rev A00,TLP2 at 0.5 Bar,15,0.0,0.0
FT0115977-TB0 Rev A00,TPL Mflexx - TPL bench at 0.5 Bar,15,0.0,0.0
FT0115977-TB0 Rev A00,TPL Mflexx - TPL bench at 6 Bar,15,0.0,0.0
FT0115977-TB0 Rev A00,TPL at 0 Bar,15,0.0,0.0
FT0115977-TB0 Rev A00,TPL at 0.5 Bar,15,0.0,0.0
FT0115977-TB0 Rev A00,TSP1 Mflexx - TSP1 bench at 0.5 Bar,15,0.0,0.0
FT0115977-TB0 Rev A00,TSP1 Mflexx - TSP1 bench at 6 Bar,15,0.0,0.0
FT0115977-TB0 Rev A00,TSP1 at 0 Bar,15,0.0,0.0
FT0115977-TB0 Rev A00,TSP1 at 0.5 Bar,15,0.0,0.0
FT0115977-TB0 Rev A00,TSP2 Mflexx - TSP2 bench at 0.5 Bar,15,0.0,0.0
FT0115977-TB0 Rev A00,TSP2 Mflexx - TSP2 bench at 6 Bar,15,0.0,0.0
FT0115977-TB0 Rev A00,TSP2 at 0 Bar,15,0.0,0.0
FT0115977-TB0 Rev A00,TSP2 at 0.5 Bar,15,0.0,0.0
FT0115977-TB0 Rev B00,TBC1 at 6 Bar,14,0.0,0.0
FT0115977-TB0 Rev B00,TBC2 at 6 Bar,14,0.0,0.0
FT0115977-TB0 Rev B00,TLP1 at 5 Bar,14,0.0,0.0
FT0115977-TB0 Rev B00,TLP2 at 5 Bar,14,0.0,0.0
FT0115977-TB0 Rev B00,TPL at 6 Bar,14,0.0,0.0
FT0115977-TB0 Rev B00,TSP1 at 5 Bar,14,0.0,0.0
FT0115977-TB0 Rev B00,TSP2 at 5 Bar,14,0.0,0.0
FT0115977-TB0 Rev C00,BC1 Pressure Switch downhill threshold,14,0.0,0.0
FT0115978-TB0 REV.A00,Check IN1A-IN1B Echelon Error Counter,12,0.0,0.0
FT0115978-TB0 REV.A00,Check IN1A-IN1B Echelon RX Counter,12,0.0,0.0
FT0115978-TB0 REV.A00,Check IN1A-IN1B Echelon TX Counter,12,0.0,0.0
FT0115978-TB0 REV.A00,Check IN1A-IN1B Echelon Warning Counter,12,0.0,0.0
FT0115978-TB0 REV.A00,Check IN2A-IN2B Echelon Error Counter,12,0.0,0.0
FT0115978-TB0 REV.A00,Check IN2A-IN2B Echelon RX Counter,12,0.0,0.0
FT0115978-TB0 REV.A00,Check IN2A-IN2B Echelon TX Counter,12,0.0,0.0
FT0115978-TB0 REV.A00,Check IN2A-IN2B Echelon Warning Counter,12,0.0,0.0
FT0115978-TB0 REV.A00,Check OUT1A-OUT1B Echelon Error Counter,12,0.0,0.0
FT0115978-TB0 REV.A00,Check OUT1A-OUT1B Echelon RX Counter,12,0.0,0.0
FT0115978-TB0 REV.A00,Check OUT1A-OUT1B Echelon TX Counter,12,0.0,0.0
FT0115978-TB0 REV.A00,Check OUT1A-OUT1B Echelon Warning Counter,12,0.0,0.0
FT0115978-TB0 REV.A00,Check OUT2A-OUT2B Echelon Error Counter,12,0.0,0.0
FT0115978-TB0 REV.A00,Check OUT2A-OUT2B Echelon RX Counter,12,0.0,0.0
FT0115978-TB0 REV.A00,Check OUT2A-OUT2B Echelon TX Counter,12,0.0,0.0
FT0115978-TB0 REV.A00,Check OUT2A-OUT2B Echelon Warning Counter,12,0.0,0.0
FT0115978-TB0 REV.A00,Check UUT Diagnostic: EV_Vent1=OK and EV_Fill1=OK,12,0.0,0.0
FT0115978-TB0 REV.A00,Check UUT Diagnostic: EV_Vent2=OK and EV_Fill2=OK,12,0.0,0.0
FT0115978-TB0 REV.A00,PWM Not present,12,0.0,0.0
FT0115978-TB0 REV.A00,Simulation open circuit condition,12,0.0,0.0
FT0115978-TB0 REV.A00,Simulation short circuit condition,12,0.0,0.0
FT0115977-TB0 REV B00,Cable & automatic valves setup,10,0.0,0.0
FT0115977-TB0 REV B00,EV_LOAD=ON EV_UNLOAD=OFF EVF1&2=OFF EVS1&2=OFF RR1&2=OFF,10,0.0,0.0
FT0115977-TB0 REV B00,EV_LOAD=ON EV_UNLOAD=OFF EVF1&2=OFF EVS1&2=OFF RR1&2=ON,10,0.0,0.0
FT0115977-TB0 REV B00,EV_LOAD=ON EV_UNLOAD=OFF EVF1&2=ON EVS1&2=ON RR1&2=OFF,10,0.0,0.0
FT0115977-TB0 REV B00,Initial Setup,10,0.0,0.0
FT0115977-TB0 Rev C00,BC1 After Monostable Intervention,10,0.0,0.0
FT0115977-TB0 Rev C00,BC1 Brake Released,10,0.0,0.0
FT0115977-TB0 Rev C00,"BC1 Pressure EVF, EVS Active",10,0.0,0.0
FT0115977-TB0 Rev C00,BC1 Pressure at MGDMin,10,0.0,0.0
FT0115977-TB0 Rev C00,BC1 Pressure at SerbMin,10,0.0,0.0
FT0115977-TB0 Rev C00,BC1 Teq,10,0.0,0.0
FT0115977-TB0 Rev C00,BC1 WSP FILL & VENT Active,10,0.0,0.0
FT0115977-TB0 Rev C00,BC2 After Monostable Intervention,10,0.0,0.0
FT0115977-TB0 Rev C00,BC2 Brake Released,10,0.0,0.0
FT0115977-TB0 Rev C00,BC2 Electronic Pressure Switch ON - Brake Released,10,0.0,0.0
FT0115977-TB0 Rev C00,"BC2 Pressure EVF, EVS Active",10,0.0,0.0
FT0115977-TB0 Rev C00,BC2 Pressure at MGDBoost,10,0.0,0.0
FT0115977-TB0 Rev C00,BC2 Pressure at MGDMin,10,0.0,0.0
FT0115977-TB0 Rev C00,BC2 Pressure at SerbMin,10,0.0,0.0
FT0115977-TB0 Rev C00,BC2 Teq,10,0.0,0.0
FT0115977-TB0 Rev C00,BC2 WSP FILL & VENT Active,10,0.0,0.0
FT0115977-TB0 Rev C00,BCU Command to SerBmin,10,0.0,0.0
FT0115977-TB0 Rev C00,Battery Voltage,10,0.0,0.0
FT0115977-TB0 Rev C00,Cable & automatic valves setup,10,0.0,0.0
FT0115977-TB0 Rev C00,EMG Monitoring,10,0.0,0.0
FT0115977-TB0 Rev C00,"EVF, EVS  Activation",10,0.0,0.0
FT0115977-TB0 Rev C00,Initial Setup,10,0.0,0.0
FT0115977-TB0 Rev C00,Inrush Current,10,0.0,0.0
FT0115977-TB0 Rev C00,"LOAD OFF, UNLOAD OFF",10,0.0,0.0
FT0115977-TB0 Rev C00,MJF1 Signal before braketest,10,0.0,0.0
FT0115977-TB0 Rev C00,MJF2 Signal before braketest,10,0.0,0.0
FT0115977-TB0 Rev C00,Power ON,10,0.0,0.0
FT0115977-TB0 Rev C00,RR1 & RR2 External Activation,10,0.0,0.0
FT0115977-TB0 Rev C00,RR1 & RR2 Internal Activation,10,0.0,0.0
FT0115977-TB0 Rev C00,SerB_MED calculation,10,0.0,0.0
FT0115977-TB0 Rev C00,Start Braketest,10,0.0,0.0
FT0115977-TB0 Rev C00,TA Mflexx - TA bench at 0.5 Bar,10,0.0,0.0
FT0115977-TB0 Rev C00,TA Mflexx - TA bench at 6 Bar,10,0.0,0.0
FT0115977-TB0 Rev C00,TA at 0 Bar,10,0.0,0.0
FT0115977-TB0 Rev C00,TA at 0.5 Bar,10,0.0,0.0
FT0115977-TB0 Rev C00,TA at 6 Bar,10,0.0,0.0
FT0115977-TB0 Rev C00,TBC1 Mflexx - TBC1 bench at 0.5 Bar,10,0.0,0.0
FT0115977-TB0 Rev C00,"TBC1 Mflexx - TBC1 bench at 3,85 Bar",10,0.0,0.0
FT0115977-TB0 Rev C00,TBC1 at 0 Bar,10,0.0,0.0
FT0115977-TB0 Rev C00,TBC1 at 0.5 Bar,10,0.0,0.0
FT0115977-TB0 Rev C00,"TBC1 at 3,85  Bar",10,0.0,0.0
FT0115977-TB0 Rev C00,TBC2 Mflexx - TBC2 bench at 0.5 Bar,10,0.0,0.0
FT0115977-TB0 Rev C00,"TBC2 Mflexx - TBC2 bench at 3,85 Bar",10,0.0,0.0
FT0115977-TB0 Rev C00,TBC2 at 0 Bar,10,0.0,0.0
FT0115977-TB0 Rev C00,TBC2 at 0.5 Bar,10,0.0,0.0
FT0115977-TB0 Rev C00,"TBC2 at 3,85  Bar",10,0.0,0.0
FT0115977-TB0 Rev C00,TLP1 Measure,10,0.0,0.0
FT0115977-TB0 Rev C00,TLP1 Mflexx - TLP1 bench at 0.5 Bar,10,0.0,0.0
FT0115977-TB0 Rev C00,"TLP1 Mflexx - TLP1 bench at 5,45 Bar",10,0.0,0.0
FT0115977-TB0 Rev C00,TLP1 at 0 Bar,10,0.0,0.0
FT0115977-TB0 Rev C00,TLP1 at 0.5 Bar,10,0.0,0.0
FT0115977-TB0 Rev C00,"TLP1 at 5,45 Bar",10,0.0,0.0
FT0115977-TB0 Rev C00,TLP2 Measure,10,0.0,0.0
FT0115977-TB0 Rev C00,TLP2 Mflexx - TLP2 bench at 0.5 Bar,10,0.0,0.0
FT0115977-TB0 Rev C00,"TLP2 Mflexx - TLP2 bench at 5,45 Bar",10,0.0,0.0
FT0115977-TB0 Rev C00,TLP2 at 0 Bar,10,0.0,0.0
FT0115977-TB0 Rev C00,TLP2 at 0.5 Bar,10,0.0,0.0
FT0115977-TB0 Rev C00,"TLP2 at 5,45 Bar",10,0.0,0.0
FT0115977-TB0 Rev C00,TLP_MED Apply,10,0.0,0.0
FT0115977-TB0 Rev C00,TPL Mflexx - TPL bench at 0.5 Bar,10,0.0,0.0
FT0115977-TB0 Rev C00,"TPL Mflexx - TPL bench at 3,85 Bar",10,0.0,0.0
FT0115977-TB0 Rev C00,TPL Pressure,10,0.0,0.0
FT0115977-TB0 Rev C00,TPL Pressure Drop 30 sec,10,0.0,0.0
FT0115977-TB0 Rev C00,TPL at 0 Bar,10,0.0,0.0
FT0115977-TB0 Rev C00,TPL at 0.5 Bar,10,0.0,0.0
FT0115977-TB0 Rev C00,"TPL at 3,85  Bar",10,0.0,0.0
FT0115977-TB0 Rev C00,TSP1 Mflexx - TSP1 bench at 0.5 Bar,10,0.0,0.0
FT0115977-TB0 Rev C00,"TSP1 Mflexx - TSP1 bench at 5,45 Bar",10,0.0,0.0
FT0115977-TB0 Rev C00,TSP1 at 0 Bar,10,0.0,0.0
FT0115977-TB0 Rev C00,TSP1 at 0.5 Bar,10,0.0,0.0
FT0115977-TB0 Rev C00,"TSP1 at 5,45 Bar",10,0.0,0.0
FT0115977-TB0 Rev C00,TSP2 Mflexx - TSP2 bench at 0.5 Bar,10,0.0,0.0
FT0115977-TB0 Rev C00,"TSP2 Mflexx - TSP2 bench at 5,45 Bar",10,0.0,0.0
FT0115977-TB0 Rev C00,TSP2 at 0 Bar,10,0.0,0.0
FT0115977-TB0 Rev C00,TSP2 at 0.5 Bar,10,0.0,0.0
FT0115977-TB0 Rev C00,"TSP2 at 5,45 Bar",10,0.0,0.0
FT0115977-TB0 Rev C00,Teq BC1 apply time,10,0.0,0.0
FT0115977-TB0 Rev C00,Teq BC2 apply time,10,0.0,0.0
FT0115977-TB0 Rev C00,WSP FILL & VENT Activation,10,0.0,0.0
FT0115977-TB0 Rev C00,Wait 12 sec,10,0.0,0.0
FT0115977-TB0 REV B00,CH10 DIscharging time,9,0.0,0.0
FT0115977-TB0 REV B00,CH10 Initial pressure,9,0.0,0.0
FT0115977-TB0 REV B00,CH11 DIscharging time,9,0.0,0.0
FT0115977-TB0 REV B00,CH11 Initial pressure,9,0.0,0.0
FT0115977-TB0 REV B00,Check AR = 0bar (T1) Discherged,9,0.0,0.0
FT0115977-TB0 REV B00,Check BC1 = 0bar (T10) Discherged,9,0.0,0.0
FT0115977-TB0 REV B00,Check BC2 = 0bar (T12) Discherged,9,0.0,0.0
FT0115977-TB0 REV B00,Check LP1 (T4) leakage,9,0.0,0.0
FT0115977-TB0 REV B00,Check LP2 (T3) leakage,9,0.0,0.0
FT0115977-TB0 REV B00,Check SP1 (T5) leakage,9,0.0,0.0
FT0115977-TB0 REV B00,Check SP2 (T7) leakage,9,0.0,0.0
FT0115977-TB0 REV B00,EV_LOAD=OFF EV_UNLOAD=ON EVF1&2=OFF EVS1&2=OFF RR1&2=OFF,9,0.0,0.0
FT0115977-TB0 REV B00,EV_LOAD=OFF EV_UNLOAD=ON EVF1&2=OFF EVS1&2=OFF RR1&2=ON,9,0.0,0.0
FT0115977-TB0 REV B00,EV_LOAD=OFF EV_UNLOAD=ON EVF1&2=ON EVS1&2=ON RR1&2=OFF,9,0.0,0.0
FT0115977-TB0 REV B00,Record LP1 (T4) initial pressure,9,0.0,0.0
FT0115977-TB0 REV B00,Record LP2 (T3) initial pressure,9,0.0,0.0
FT0115977-TB0 REV B00,Record SP1 (T5) initial pressure,9,0.0,0.0
FT0115977-TB0 REV B00,Record SP2 (T7) initial pressure,9,0.0,0.0
FT0115977-TB0 REV B00,"Set VPL regolation to 5,5bar",9,0.0,0.0
FT0115977-TB0 REV B00,"TPLP1 e 2 = 8bar, TPSP1 e 2 = 8bar",9,0.0,0.0
FT0115977-TB0 REV B00,Test BC1 = TPL-0.1bar (T10) pressure,9,0.0,0.0
FT0115977-TB0 REV B00,Test BC2 = TPL-0.1bar (T12) pressure,9,0.0,0.0
FT0115977-TB0 REV B00,Test LP1 (T4) pressure,9,0.0,0.0
FT0115977-TB0 REV B00,Test LP2 (T3) pressure,9,0.0,0.0
FT0115977-TB0 REV B00,Test SP1 (T5) pressure,9,0.0,0.0
FT0115977-TB0 REV B00,Test SP2 (T7) pressure,9,0.0,0.0
FT0115977-TB0 REV B00,"VPL=6,5bar EVF=ON EVS=OFF",9,0.0,0.0
FT0115977-TB0 REV B00,Wait 2 minutes for leakage test...,9,0.0,0.0
FT0115977-TB0 Rev A00,TLP1 at 8 Bar,9,0.0,0.0
FT0115977-TB0 Rev A00,TLP2 at 8 Bar,9,0.0,0.0
FT0115977-TB0 Rev A00,TSP1 at 8 Bar,9,0.0,0.0
FT0115977-TB0 Rev A00,TSP2 at 8 Bar,9,0.0,0.0
FT0115977-TB0 Rev C00,AR Pressure After Discharge,9,0.0,0.0
FT0115977-TB0 Rev C00,BC1 Pressure After Discharge,9,0.0,0.0
FT0115977-TB0 Rev C00,BC1 Pressure at VPL = 2.7,9,0.0,0.0
FT0115977-TB0 Rev C00,BC1 and BC2 to 3.85 Bar,9,0.0,0.0
FT0115977-TB0 Rev C00,BC2 Pressure After Discharge,9,0.0,0.0
FT0115977-TB0 Rev C00,BC2 Pressure at VPL = 2.7,9,0.0,0.0
FT0115977-TB0 Rev C00,EVF Activation,9,0.0,0.0
FT0115977-TB0 Rev C00,VPL Pressure,9,0.0,0.0
FT0115977-TB0 Rev C00,VPL Pressure After Discharge,9,0.0,0.0
FT0115977-TB0 Rev C00,VPL Pressure Reg,9,0.0,0.0
FT0115978-TB0 REV.A00,VBAT1 Activation at 110V,9,0.0,0.0
FT0115977-TB0 Rev C00,Flash Test Application,8,0.0,0.0
FT0115977-TB0 Rev C00,Power ON Vbat,8,0.0,0.0
FT0115977-TB0 Rev C00,Start Programming,8,0.0,0.0
FT0115977-TB0 Rev C00,Test Application CRC32,8,0.0,0.0
FT0115977-TB0 Rev C00,Test Application Name,8,0.0,0.0
FT0115977-TB0 Rev C00,Test Application Release,8,0.0,0.0
FT0115978-TB0 REV.A00,Check ATE EV_Load = OFF,8,0.0,0.0
FT0115978-TB0 REV.A00,Check ATE EV_Unload = OFF,8,0.0,0.0
FT0115978-TB0 REV.A00,Check ATE PS1 = ON,8,0.0,0.0
FT0115978-TB0 REV.A00,Check ATE PS2 = ON,8,0.0,0.0
FT0115978-TB0 REV.A00,Check BCP1_ST = ON,8,0.0,0.0
FT0115978-TB0 REV.A00,Check BCP1_STn = OFF,8,0.0,0.0
FT0115978-TB0 REV.A00,Check BCP2_ST = ON,8,0.0,0.0
FT0115978-TB0 REV.A00,Check BCP2_STn = OFF,8,0.0,0.0
FT0115978-TB0 REV.A00,Check UUT DO_Spare1 Diagnostic = OK,8,0.0,0.0
FT0115978-TB0 REV.A00,Check UUT DO_Spare2 Diagnostic = OK,8,0.0,0.0
FT0115978-TB0 REV.A00,Check UUT DO_Spare3 Diagnostic = OK,8,0.0,0.0
FT0115978-TB0 REV.A00,Check UUT Diagnostic: EV_Air = OK,8,0.0,0.0
FT0115978-TB0 REV.A00,Check UUT RL_Spare1 Diagnostic = OK,8,0.0,0.0
FT0115978-TB0 REV.A00,Check UUT RL_Spare2 Diagnostic = OK,8,0.0,0.0
FT0115978-TB0 REV.A00,Check Vanalog Voltage,8,0.0,0.0
FT0115978-TB0 REV.A00,Check Vdigital1 Voltage,8,0.0,0.0
FT0115978-TB0 REV.A00,Check Vdigital2 Voltage,8,0.0,0.0
FT0115978-TB0 REV.A00,WSP_Fill1 = OFF and monostable reset,8,0.0,0.0
FT0115978-TB0 REV.A00,WSP_Fill2 = OFF and monostable reset,8,0.0,0.0
FT0115977-TB0 Rev C00,BC1 Pressure Switch upward threshold,7,0.0,0.0
FT0115977-TB0 Rev C00,BC2 Pressure Switch upward threshold,7,0.0,0.0
FT0115977-TB0 Rev C00,Test Base Arranged to FT0106512-106,7,0.0,0.0
FT0115977-TB0 Rev C00,Test Base Arranged to FT0106512-109,7,0.0,0.0
FT0115977-TB0 Rev C00,Test Base Arranged to FT0106512-111,7,0.0,0.0
FT0115977-TB0 Rev A00,Test Base Arranged to FT0106512-106,6,0.0,0.0
FT0115977-TB0 Rev A00,Test Base Arranged to FT0106512-109,6,0.0,0.0
FT0115977-TB0 Rev A00,Test Base Arranged to FT0106512-111,6,0.0,0.0
FT0115977-TB0 Rev A00,TLP1 at 5 Bar,5,0.0,0.0
FT0115977-TB0 Rev A00,TLP2 at 5 Bar,5,0.0,0.0
FT0115977-TB0 Rev A00,TSP1 at 5 Bar,5,0.0,0.0
FT0115977-TB0 Rev A00,TSP2 at 5 Bar,5,0.0,0.0
FT0115978-TB0 REV.A00,CPU Programming through USB,5,0.0,0.0
FT0115978-TB0 REV.A00,CPUG2F GetInfo,5,0.0,0.0
FT0115978-TB0 REV.A00,CPUG2F SW Info,5,0.0,0.0
FT0115978-TB0 REV.A00,Connection,5,0.0,0.0
FT0115978-TB0 REV.A00,Link CPU through USB,5,0.0,0.0
FT0115978-TB0 REV.A00,Test Bench Init,5,0.0,0.0
FT0115978-TB0 REV.A00,Check +15V_iso_a1 with load,4,0.0,0.0
FT0115978-TB0 REV.A00,Check +15V_iso_a2 with load,4,0.0,0.0
FT0115978-TB0 REV.A00,Check +15Viso_1 Voltage,4,0.0,0.0
FT0115978-TB0 REV.A00,Check +15Viso_2 Voltage,4,0.0,0.0
FT0115978-TB0 REV.A00,Check +5V_ANA Voltage,4,0.0,0.0
FT0115978-TB0 REV.A00,Check +5V_ana whit load,4,0.0,0.0
FT0115978-TB0 REV.A00,Check +5V_ana whitout load,4,0.0,0.0
FT0115978-TB0 REV.A00,Check ATE DO_Spare1 = OFF,4,0.0,0.0
FT0115978-TB0 REV.A00,Check ATE DO_Spare1 = OFF due to life absence,4,0.0,0.0
FT0115978-TB0 REV.A00,Check ATE DO_Spare1 = ON,4,0.0,0.0
FT0115978-TB0 REV.A00,Check ATE DO_Spare2 = OFF,4,0.0,0.0
FT0115978-TB0 REV.A00,Check ATE DO_Spare2 = OFF due to life absence,4,0.0,0.0
FT0115978-TB0 REV.A00,Check ATE DO_Spare2 = ON,4,0.0,0.0
FT0115978-TB0 REV.A00,Check ATE DO_Spare3 = OFF,4,0.0,0.0
FT0115978-TB0 REV.A00,Check ATE DO_Spare3 = OFF due to life absence,4,0.0,0.0
FT0115978-TB0 REV.A00,Check ATE DO_Spare3 = ON,4,0.0,0.0
FT0115978-TB0 REV.A00,Check ATE EV_Air = OFF,4,0.0,0.0
FT0115978-TB0 REV.A00,Check ATE EV_Air = ON,4,0.0,0.0
FT0115978-TB0 REV.A00,Check ATE EV_Fill1 = OFF,4,0.0,0.0
FT0115978-TB0 REV.A00,Check ATE EV_Fill1 = ON,4,0.0,0.0
FT0115978-TB0 REV.A00,Check ATE EV_Fill2 = OFF,4,0.0,0.0
FT0115978-TB0 REV.A00,Check ATE EV_Fill2 = ON,4,0.0,0.0
FT0115978-TB0 REV.A00,Check ATE EV_Load = ON,4,0.0,0.0
FT0115978-TB0 REV.A00,Check ATE EV_Unload = ON,4,0.0,0.0
FT0115978-TB0 REV.A00,Check ATE EV_Vent1 = OFF,4,0.0,0.0
FT0115978-TB0 REV.A00,Check ATE EV_Vent1 = ON,4,0.0,0.0
FT0115978-TB0 REV.A00,Check ATE EV_Vent2 = OFF,4,0.0,0.0
FT0115978-TB0 REV.A00,Check ATE EV_Vent2 = ON,4,0.0,0.0
FT0115978-TB0 REV.A00,Check ATE MJF1_NC = OFF,4,0.0,0.0
FT0115978-TB0 REV.A00,Check ATE MJF1_NC = ON,4,0.0,0.0
FT0115978-TB0 REV.A00,Check ATE MJF2_NC = OFF,4,0.0,0.0
FT0115978-TB0 REV.A00,Check ATE MJF2_NC = ON,4,0.0,0.0
FT0115978-TB0 REV.A00,Check ATE PS1 = OFF,4,0.0,0.0
FT0115978-TB0 REV.A00,Check ATE PS2 = OFF,4,0.0,0.0
FT0115978-TB0 REV.A00,Check ATE RL_Spare1 = OFF,4,0.0,0.0
FT0115978-TB0 REV.A00,Check ATE RL_Spare1 = OFF due to life absence,4,0.0,0.0
FT0115978-TB0 REV.A00,Check ATE RL_Spare1 = ON,4,0.0,0.0
FT0115978-TB0 REV.A00,Check ATE RL_Spare2 = OFF,4,0.0,0.0
FT0115978-TB0 REV.A00,Check ATE RL_Spare2 = OFF due to life absence,4,0.0,0.0
FT0115978-TB0 REV.A00,Check ATE RL_Spare2 = ON,4,0.0,0.0
FT0115978-TB0 REV.A00,Check ATE RR1 Valve = OFF,4,0.0,0.0
FT0115978-TB0 REV.A00,Check ATE RR1 Valve = ON,4,0.0,0.0
FT0115978-TB0 REV.A00,Check ATE RR2 Valve = OFF,4,0.0,0.0
FT0115978-TB0 REV.A00,Check ATE RR2 Valve = ON,4,0.0,0.0
FT0115978-TB0 REV.A00,Check ATE Temperature Sensor,4,0.0,0.0
FT0115978-TB0 REV.A00,Check ATE WSP_Fill1 = ON,4,0.0,0.0
FT0115978-TB0 REV.A00,Check ATE WSP_Fill2 = ON,4,0.0,0.0
FT0115978-TB0 REV.A00,Check ATE WSP_Vent1 = ON,4,0.0,0.0
FT0115978-TB0 REV.A00,Check ATE WSP_Vent2 = ON,4,0.0,0.0
FT0115978-TB0 REV.A00,Check BCP1_ST = OFF,4,0.0,0.0
FT0115978-TB0 REV.A00,Check BCP1_STn = ON,4,0.0,0.0
FT0115978-TB0 REV.A00,Check BCP2_ST = OFF,4,0.0,0.0
FT0115978-TB0 REV.A00,Check BCP2_STn = ON,4,0.0,0.0
FT0115978-TB0 REV.A00,Check CAN Error Conter,4,0.0,0.0
FT0115978-TB0 REV.A00,Check CAN RX Conter,4,0.0,0.0
FT0115978-TB0 REV.A00,Check CAN TX Conter,4,0.0,0.0
FT0115978-TB0 REV.A00,Check CAN Warning Conter,4,0.0,0.0
FT0115978-TB0 REV.A00,Check DO_Spare1 on/off in normal condition,4,0.0,0.0
FT0115978-TB0 REV.A00,Check DO_Spare2 on/off in normal condition,4,0.0,0.0
FT0115978-TB0 REV.A00,Check DO_Spare3 on/off in normal condition,4,0.0,0.0
FT0115978-TB0 REV.A00,Check Difference between ATE and UUT,4,0.0,0.0
FT0115978-TB0 REV.A00,Check MJF=OFF in normal condition,4,0.0,0.0
FT0115978-TB0 REV.A00,Check MJF=ON in normal condition,4,0.0,0.0
FT0115978-TB0 REV.A00,Check PS output with TBC1pres=0V and TBC2pres=0V,4,0.0,0.0
FT0115978-TB0 REV.A00,Check PS output with TBC1pres=0V and TBC2pres=1V,4,0.0,0.0
FT0115978-TB0 REV.A00,Check PS output with TBC1pres=1V and TBC2pres=0V,4,0.0,0.0
FT0115978-TB0 REV.A00,Check Park_boost for any speed,4,0.0,0.0
FT0115978-TB0 REV.A00,Check Park_boost with SPD1 < 14Hz,4,0.0,0.0
FT0115978-TB0 REV.A00,Check Park_boost with SPD1 > 18Hz,4,0.0,0.0
FT0115978-TB0 REV.A00,Check Park_boost with SPD2 < 14Hz,4,0.0,0.0
FT0115978-TB0 REV.A00,Check Park_boost with SPD2 > 18Hz,4,0.0,0.0
FT0115978-TB0 REV.A00,Check Ping to UUT address 10.1.17.11,4,0.0,0.0
FT0115978-TB0 REV.A00,Check RL_Spare1 on/off in normal condition,4,0.0,0.0
FT0115978-TB0 REV.A00,Check RL_Spare2 on/off in normal condition,4,0.0,0.0
FT0115978-TB0 REV.A00,Check Spdin1 = 100Hz,4,0.0,0.0
FT0115978-TB0 REV.A00,Check Spdin1 = 1500Hz,4,0.0,0.0
FT0115978-TB0 REV.A00,Check Spdin1 = 3000Hz,4,0.0,0.0
FT0115978-TB0 REV.A00,Check Spdin1 = 500Hz,4,0.0,0.0
FT0115978-TB0 REV.A00,Check Spdin1_Diag with 0mA,4,0.0,0.0
FT0115978-TB0 REV.A00,Check Spdin1_Diag with 12mA,4,0.0,0.0
FT0115978-TB0 REV.A00,Check Spdin1_Diag with 16mA,4,0.0,0.0
FT0115978-TB0 REV.A00,Check Spdin1_Diag with 20mA,4,0.0,0.0
FT0115978-TB0 REV.A00,Check Spdin1_Diag with 8mA,4,0.0,0.0
FT0115978-TB0 REV.A00,Check Spdin2 = 100Hz,4,0.0,0.0
FT0115978-TB0 REV.A00,Check Spdin2 = 1500Hz,4,0.0,0.0
FT0115978-TB0 REV.A00,Check Spdin2 = 3000Hz,4,0.0,0.0
FT0115978-TB0 REV.A00,Check Spdin2 = 500Hz,4,0.0,0.0
FT0115978-TB0 REV.A00,Check Spdin2_Diag with 0mA,4,0.0,0.0
FT0115978-TB0 REV.A00,Check Spdin2_Diag with 12mA,4,0.0,0.0
FT0115978-TB0 REV.A00,Check Spdin2_Diag with 16mA,4,0.0,0.0
FT0115978-TB0 REV.A00,Check Spdin2_Diag with 20mA,4,0.0,0.0
FT0115978-TB0 REV.A00,Check Spdin2_Diag with 8mA,4,0.0,0.0
FT0115978-TB0 REV.A00,Check UUT DO_Spare1 = ON without LIFE signal,4,0.0,0.0
FT0115978-TB0 REV.A00,Check UUT DO_Spare1 Diagnostic = LIFE_OFF,4,0.0,0.0
FT0115978-TB0 REV.A00,Check UUT DO_Spare1 Diagnostic = OPEN,4,0.0,0.0
FT0115978-TB0 REV.A00,Check UUT DO_Spare1 Diagnostic = SHORT,4,0.0,0.0
FT0115978-TB0 REV.A00,Check UUT DO_Spare1 Diagnostic detection,4,0.0,0.0
FT0115978-TB0 REV.A00,Check UUT DO_Spare1 Status = OFF,4,0.0,0.0
FT0115978-TB0 REV.A00,Check UUT DO_Spare1 Status = OFF due to life absence,4,0.0,0.0
FT0115978-TB0 REV.A00,Check UUT DO_Spare1 Status = ON,4,0.0,0.0
FT0115978-TB0 REV.A00,Check UUT DO_Spare2 = ON without LIFE signal,4,0.0,0.0
FT0115978-TB0 REV.A00,Check UUT DO_Spare2 Diagnostic = LIFE_OFF,4,0.0,0.0
FT0115978-TB0 REV.A00,Check UUT DO_Spare2 Diagnostic = OPEN,4,0.0,0.0
FT0115978-TB0 REV.A00,Check UUT DO_Spare2 Diagnostic = SHORT,4,0.0,0.0
FT0115978-TB0 REV.A00,Check UUT DO_Spare2 Diagnostic detection,4,0.0,0.0
FT0115978-TB0 REV.A00,Check UUT DO_Spare2 Status = OFF,4,0.0,0.0
FT0115978-TB0 REV.A00,Check UUT DO_Spare2 Status = OFF due to life absence,4,0.0,0.0
FT0115978-TB0 REV.A00,Check UUT DO_Spare2 Status = ON,4,0.0,0.0
FT0115978-TB0 REV.A00,Check UUT DO_Spare3 = ON without LIFE signal,4,0.0,0.0
FT0115978-TB0 REV.A00,Check UUT DO_Spare3 Diagnostic = LIFE_OFF,4,0.0,0.0
FT0115978-TB0 REV.A00,Check UUT DO_Spare3 Diagnostic = OPEN,4,0.0,0.0
FT0115978-TB0 REV.A00,Check UUT DO_Spare3 Diagnostic = SHORT,4,0.0,0.0
FT0115978-TB0 REV.A00,Check UUT DO_Spare3 Diagnostic detection,4,0.0,0.0
FT0115978-TB0 REV.A00,Check UUT DO_Spare3 Status = OFF,4,0.0,0.0
FT0115978-TB0 REV.A00,Check UUT DO_Spare3 Status = OFF due to life absence,4,0.0,0.0
FT0115978-TB0 REV.A00,Check UUT DO_Spare3 Status = ON,4,0.0,0.0
FT0115978-TB0 REV.A00,Check UUT Diagnostic: EV_Air = OPEN,4,0.0,0.0
FT0115978-TB0 REV.A00,Check UUT Diagnostic: EV_Air = SHORT,4,0.0,0.0
FT0115978-TB0 REV.A00,Check UUT Diagnostic: EV_Vent1=OPEN and EV_Fill1=OPEN,4,0.0,0.0
FT0115978-TB0 REV.A00,Check UUT Diagnostic: EV_Vent1=SHORT and EV_Fill1=SHORT,4,0.0,0.0
FT0115978-TB0 REV.A00,Check UUT Diagnostic: EV_Vent2=OPEN and EV_Fill2=OPEN,4,0.0,0.0
FT0115978-TB0 REV.A00,Check UUT Diagnostic: EV_Vent2=SHORT and EV_Fill2=SHORT,4,0.0,0.0
FT0115978-TB0 REV.A00,Check UUT LCM1 MJF_NC Contact = OFF,4,0.0,0.0
FT0115978-TB0 REV.A00,Check UUT LCM1 MJF_NC Contact = ON,4,0.0,0.0
FT0115978-TB0 REV.A00,Check UUT LCM1 MJF_NO Contact = OFF,4,0.0,0.0
FT0115978-TB0 REV.A00,Check UUT LCM1 MJF_NO Contact = ON,4,0.0,0.0
FT0115978-TB0 REV.A00,Check UUT LCM2 MJF_NC Contact = OFF,4,0.0,0.0
FT0115978-TB0 REV.A00,Check UUT LCM2 MJF_NC Contact = ON,4,0.0,0.0
FT0115978-TB0 REV.A00,Check UUT LCM2 MJF_NO Contact = OFF,4,0.0,0.0
FT0115978-TB0 REV.A00,Check UUT LCM2 MJF_NO Contact = ON,4,0.0,0.0
FT0115978-TB0 REV.A00,Check UUT RL_Spare1 = ON without LIFE signal,4,0.0,0.0
FT0115978-TB0 REV.A00,Check UUT RL_Spare1 Diagnostic = LIFE_OFF,4,0.0,0.0
FT0115978-TB0 REV.A00,Check UUT RL_Spare1 Diagnostic = OPEN,4,0.0,0.0
FT0115978-TB0 REV.A00,Check UUT RL_Spare1 Diagnostic detection,4,0.0,0.0
FT0115978-TB0 REV.A00,Check UUT RL_Spare1 Status = OFF,4,0.0,0.0
FT0115978-TB0 REV.A00,Check UUT RL_Spare1 Status = OFF due to life absence,4,0.0,0.0
FT0115978-TB0 REV.A00,Check UUT RL_Spare1 Status = ON,4,0.0,0.0
FT0115978-TB0 REV.A00,Check UUT RL_Spare2 = ON without LIFE signal,4,0.0,0.0
FT0115978-TB0 REV.A00,Check UUT RL_Spare2 Diagnostic = LIFE_OFF,4,0.0,0.0
FT0115978-TB0 REV.A00,Check UUT RL_Spare2 Diagnostic = OPEN,4,0.0,0.0
FT0115978-TB0 REV.A00,Check UUT RL_Spare2 Diagnostic detection,4,0.0,0.0
FT0115978-TB0 REV.A00,Check UUT RL_Spare2 Status = OFF,4,0.0,0.0
FT0115978-TB0 REV.A00,Check UUT RL_Spare2 Status = OFF due to life absence,4,0.0,0.0
FT0115978-TB0 REV.A00,Check UUT RL_Spare2 Status = ON,4,0.0,0.0
FT0115978-TB0 REV.A00,Check UUT Status: EV_Air = OFF,4,0.0,0.0
FT0115978-TB0 REV.A00,Check UUT Status: EV_Air = ON,4,0.0,0.0
FT0115978-TB0 REV.A00,Check UUT Status: EV_Load=OFF and EV_Unload=OFF,4,0.0,0.0
FT0115978-TB0 REV.A00,Check UUT Status: EV_Load=OFF and EV_Unload=ON,4,0.0,0.0
FT0115978-TB0 REV.A00,Check UUT Status: EV_Load=ON and EV_Unload=OFF,4,0.0,0.0
FT0115978-TB0 REV.A00,Check UUT Status: EV_Vent1=OFF and EV_Fill1=OFF,4,0.0,0.0
FT0115978-TB0 REV.A00,Check UUT Status: EV_Vent1=OFF and EV_Fill1=ON,4,0.0,0.0
FT0115978-TB0 REV.A00,Check UUT Status: EV_Vent1=ON and EV_Fill1=OFF,4,0.0,0.0
FT0115978-TB0 REV.A00,Check UUT Status: EV_Vent2=OFF and EV_Fill2=OFF,4,0.0,0.0
FT0115978-TB0 REV.A00,Check UUT Status: EV_Vent2=OFF and EV_Fill2=ON,4,0.0,0.0
FT0115978-TB0 REV.A00,Check UUT Status: EV_Vent2=ON and EV_Fill2=OFF,4,0.0,0.0
FT0115978-TB0 REV.A00,Check UUT Temperature Sensor,4,0.0,0.0
FT0115978-TB0 REV.A00,Check VBAT1 Average Current,4,0.0,0.0
FT0115978-TB0 REV.A00,Check VBAT2 Average Current,4,0.0,0.0
FT0115978-TB0 REV.A00,Check Vanalog whit load,4,0.0,0.0
FT0115978-TB0 REV.A00,Check Vanalog whitout load,4,0.0,0.0
FT0115978-TB0 REV.A00,Check WSP_Fill1 monostable time,4,0.0,0.0
FT0115978-TB0 REV.A00,Check WSP_Fill2 monostable time,4,0.0,0.0
FT0115978-TB0 REV.A00,Check WSP_Vent1 monostable time,4,0.0,0.0
FT0115978-TB0 REV.A00,Check WSP_Vent2 monostable time,4,0.0,0.0
FT0115978-TB0 REV.A00,Deactivation of VBAT1,4,0.0,0.0
FT0115978-TB0 REV.A00,DigiIn PARK_ON<45V (Deactivated),4,0.0,0.0
FT0115978-TB0 REV.A00,DigiIn PARK_ON>55V (Activated),4,0.0,0.0
FT0115978-TB0 REV.A00,EV_Air Activation,4,0.0,0.0
FT0115978-TB0 REV.A00,EV_Air Deactivation,4,0.0,0.0
FT0115978-TB0 REV.A00,EV_Fill1 Activation,4,0.0,0.0
FT0115978-TB0 REV.A00,EV_Fill1 Deactivation and EV_Vent1 Activation,4,0.0,0.0
FT0115978-TB0 REV.A00,EV_Fill2 Activation,4,0.0,0.0
FT0115978-TB0 REV.A00,EV_Fill2 Deactivation and EV_Vent2 Activation,4,0.0,0.0
FT0115978-TB0 REV.A00,EV_Vent1 and EV_Fill1 Deactivation,4,0.0,0.0
FT0115978-TB0 REV.A00,EV_Vent2 and EV_Fill2 Deactivation,4,0.0,0.0
FT0115978-TB0 REV.A00,Ethernet physical layer test,4,0.0,0.0
FT0115978-TB0 REV.A00,LCM1 GetInfo,4,0.0,0.0
FT0115978-TB0 REV.A00,LCM1 Master Configuration,4,0.0,0.0
FT0115978-TB0 REV.A00,LCM1 Programming,4,0.0,0.0
FT0115978-TB0 REV.A00,LCM1 Sw Info,4,0.0,0.0
FT0115978-TB0 REV.A00,LCM2 GetInfo,4,0.0,0.0
FT0115978-TB0 REV.A00,LCM2 Programming,4,0.0,0.0
FT0115978-TB0 REV.A00,LCM2 Slave Configuration,4,0.0,0.0
FT0115978-TB0 REV.A00,LCM2 Sw Info,4,0.0,0.0
FT0115978-TB0 REV.A00,LCU Life disable to test EV_Load and EV_Unload,4,0.0,0.0
FT0115978-TB0 REV.A00,Link on LCM1,4,0.0,0.0
FT0115978-TB0 REV.A00,Link on LCM2,4,0.0,0.0
FT0115978-TB0 REV.A00,Mac Address :,4,0.0,0.0
FT0115978-TB0 REV.A00,Power OFF,4,0.0,0.0
FT0115978-TB0 REV.A00,Reactivation of VBAT1,4,0.0,0.0
FT0115978-TB0 REV.A00,Read VBAT1 Voltage,4,0.0,0.0
FT0115978-TB0 REV.A00,Read VBAT2 Voltage,4,0.0,0.0
FT0115978-TB0 REV.A00,Start and Wait CAN communication,4,0.0,0.0
FT0115978-TB0 REV.A00,Test Acc-Gyr,4,0.0,0.0
FT0115978-TB0 REV.A00,Test Ai_Spare1 Current 4-20mA on CPUG2,4,0.0,0.0
FT0115978-TB0 REV.A00,Test Ai_Spare2 Current 4-20mA on CPUG2,4,0.0,0.0
FT0115978-TB0 REV.A00,Test An_TSP2 Voltage 0-5V on CPUG2,4,0.0,0.0
FT0115978-TB0 REV.A00,Test An_TSP3 Voltage 0-5V on CPUG2,4,0.0,0.0
FT0115978-TB0 REV.A00,Test CODE-ID on LCM1,4,0.0,0.0
FT0115978-TB0 REV.A00,Test CODE-ID on LCM2,4,0.0,0.0
FT0115978-TB0 REV.A00,Test CPUG2 Ai_sp1 = 12mA,4,0.0,0.0
FT0115978-TB0 REV.A00,Test CPUG2 Ai_sp1 = 19mA,4,0.0,0.0
FT0115978-TB0 REV.A00,Test CPUG2 Ai_sp1 = 4mA,4,0.0,0.0
FT0115978-TB0 REV.A00,Test CPUG2 Ai_sp2 = 12mA,4,0.0,0.0
FT0115978-TB0 REV.A00,Test CPUG2 Ai_sp2 = 19mA,4,0.0,0.0
FT0115978-TB0 REV.A00,Test CPUG2 Ai_sp2 = 4mA,4,0.0,0.0
FT0115978-TB0 REV.A00,Test CPUG2 An_TSP2 = 0V,4,0.0,0.0
FT0115978-TB0 REV.A00,Test CPUG2 An_TSP2 = 2.5V,4,0.0,0.0
FT0115978-TB0 REV.A00,Test CPUG2 An_TSP2 = 4.5V,4,0.0,0.0
FT0115978-TB0 REV.A00,Test CPUG2 An_TSP3 = 0V,4,0.0,0.0
FT0115978-TB0 REV.A00,Test CPUG2 An_TSP3 = 2.5V,4,0.0,0.0
FT0115978-TB0 REV.A00,Test CPUG2 An_TSP3 = 4.5V,4,0.0,0.0
FT0115978-TB0 REV.A00,Test CPUG2 DigIn1A = OFF,4,0.0,0.0
FT0115978-TB0 REV.A00,Test CPUG2 DigIn1A = ON,4,0.0,0.0
FT0115978-TB0 REV.A00,Test CPUG2 DigIn1B = OFF,4,0.0,0.0
FT0115978-TB0 REV.A00,Test CPUG2 DigIn1B = ON,4,0.0,0.0
FT0115978-TB0 REV.A00,Test CPUG2 DigIn1C = OFF,4,0.0,0.0
FT0115978-TB0 REV.A00,Test CPUG2 DigIn1C = ON,4,0.0,0.0
FT0115978-TB0 REV.A00,Test CPUG2 DigIn1D = OFF,4,0.0,0.0
FT0115978-TB0 REV.A00,Test CPUG2 DigIn1D = ON,4,0.0,0.0
FT0115978-TB0 REV.A00,Test CPUG2 DigIn2A = OFF,4,0.0,0.0
FT0115978-TB0 REV.A00,Test CPUG2 DigIn2A = ON,4,0.0,0.0
FT0115978-TB0 REV.A00,Test CPUG2 DigIn2B = OFF,4,0.0,0.0
FT0115978-TB0 REV.A00,Test CPUG2 DigIn2B = ON,4,0.0,0.0
FT0115978-TB0 REV.A00,Test CPUG2 DigIn2C = OFF,4,0.0,0.0
FT0115978-TB0 REV.A00,Test CPUG2 DigIn2C = ON,4,0.0,0.0
FT0115978-TB0 REV.A00,Test CPUG2 DigIn2D = OFF,4,0.0,0.0
FT0115978-TB0 REV.A00,Test CPUG2 DigIn2D = ON,4,0.0,0.0
FT0115978-TB0 REV.A00,Test CPUG2 PARK = OFF,4,0.0,0.0
FT0115978-TB0 REV.A00,Test CPUG2 PARK = ON,4,0.0,0.0
FT0115978-TB0 REV.A00,Test CPUG2 RR1 = OFF,4,0.0,0.0
FT0115978-TB0 REV.A00,Test CPUG2 RR1 = ON,4,0.0,0.0
FT0115978-TB0 REV.A00,Test CPUG2 RR2 = OFF,4,0.0,0.0
FT0115978-TB0 REV.A00,Test CPUG2 RR2 = ON,4,0.0,0.0
FT0115978-TB0 REV.A00,Test CPUG2 SafLoop1 = OFF,4,0.0,0.0
FT0115978-TB0 REV.A00,Test CPUG2 SafLoop1 = ON,4,0.0,0.0
FT0115978-TB0 REV.A00,Test CPUG2 SafLoop2 = OFF,4,0.0,0.0
FT0115978-TB0 REV.A00,Test CPUG2 SafLoop2 = ON,4,0.0,0.0
FT0115978-TB0 REV.A00,Test CPUG2 TApress = 0V,4,0.0,0.0
FT0115978-TB0 REV.A00,Test CPUG2 TApress = 2.5V,4,0.0,0.0
FT0115978-TB0 REV.A00,Test CPUG2 TApress = 4.5V,4,0.0,0.0
FT0115978-TB0 REV.A00,Test CPUG2 TBC1press = 0V,4,0.0,0.0
FT0115978-TB0 REV.A00,Test CPUG2 TBC1press = 2.5V,4,0.0,0.0
FT0115978-TB0 REV.A00,Test CPUG2 TBC1press = 4.5V,4,0.0,0.0
FT0115978-TB0 REV.A00,Test CPUG2 TBC2press = 0V,4,0.0,0.0
FT0115978-TB0 REV.A00,Test CPUG2 TBC2press = 2.5V,4,0.0,0.0
FT0115978-TB0 REV.A00,Test CPUG2 TBC2press = 4.5V,4,0.0,0.0
FT0115978-TB0 REV.A00,Test CPUG2 TLP1press = 0V,4,0.0,0.0
FT0115978-TB0 REV.A00,Test CPUG2 TLP1press = 2.5V,4,0.0,0.0
FT0115978-TB0 REV.A00,Test CPUG2 TLP1press = 4.5V,4,0.0,0.0
FT0115978-TB0 REV.A00,Test CPUG2 TLP2press = 0V,4,0.0,0.0
FT0115978-TB0 REV.A00,Test CPUG2 TLP2press = 2.5V,4,0.0,0.0
FT0115978-TB0 REV.A00,Test CPUG2 TLP2press = 4.5V,4,0.0,0.0
FT0115978-TB0 REV.A00,Test CPUG2 TPLpress = 0V,4,0.0,0.0
FT0115978-TB0 REV.A00,Test CPUG2 TPLpress = 2.5V,4,0.0,0.0
FT0115978-TB0 REV.A00,Test CPUG2 TPLpress = 4.5V,4,0.0,0.0
FT0115978-TB0 REV.A00,Test IOT Module,4,0.0,0.0
FT0115978-TB0 REV.A00,Test LCM1 PARK = OFF,4,0.0,0.0
FT0115978-TB0 REV.A00,Test LCM1 PARK = ON,4,0.0,0.0
FT0115978-TB0 REV.A00,Test LCM1 SafLoop = OFF,4,0.0,0.0
FT0115978-TB0 REV.A00,Test LCM1 SafLoop = ON,4,0.0,0.0
FT0115978-TB0 REV.A00,Test LCM2 PARK = OFF,4,0.0,0.0
FT0115978-TB0 REV.A00,Test LCM2 PARK = ON,4,0.0,0.0
FT0115978-TB0 REV.A00,Test LCU1 TApress = 0V,4,0.0,0.0
FT0115978-TB0 REV.A00,Test LCU1 TApress = 2.5V,4,0.0,0.0
FT0115978-TB0 REV.A00,Test LCU1 TApress = 4.5V,4,0.0,0.0
FT0115978-TB0 REV.A00,Test LCU1 TBC1press = 0V,4,0.0,0.0
FT0115978-TB0 REV.A00,Test LCU1 TBC1press = 2.5V,4,0.0,0.0
FT0115978-TB0 REV.A00,Test LCU1 TBC1press = 4.5V,4,0.0,0.0
FT0115978-TB0 REV.A00,Test LCU1 TBC2press = 0V,4,0.0,0.0
FT0115978-TB0 REV.A00,Test LCU1 TBC2press = 2.5V,4,0.0,0.0
FT0115978-TB0 REV.A00,Test LCU1 TBC2press = 4.5V,4,0.0,0.0
FT0115978-TB0 REV.A00,Test LCU1 TLP1press = 0V,4,0.0,0.0
FT0115978-TB0 REV.A00,Test LCU1 TLP1press = 2.5V,4,0.0,0.0
FT0115978-TB0 REV.A00,Test LCU1 TLP1press = 4.5V,4,0.0,0.0
FT0115978-TB0 REV.A00,Test LCU1 TPLpress = 0V,4,0.0,0.0
FT0115978-TB0 REV.A00,Test LCU1 TPLpress = 2.5V,4,0.0,0.0
FT0115978-TB0 REV.A00,Test LCU1 TPLpress = 4.5V,4,0.0,0.0
FT0115978-TB0 REV.A00,Test LCU2 TApress = 0V,4,0.0,0.0
FT0115978-TB0 REV.A00,Test LCU2 TApress = 2.5V,4,0.0,0.0
FT0115978-TB0 REV.A00,Test LCU2 TApress = 4.5V,4,0.0,0.0
FT0115978-TB0 REV.A00,Test LCU2 TBC1press = 0V,4,0.0,0.0
FT0115978-TB0 REV.A00,Test LCU2 TBC1press = 2.5V,4,0.0,0.0
FT0115978-TB0 REV.A00,Test LCU2 TBC1press = 4.5V,4,0.0,0.0
FT0115978-TB0 REV.A00,Test LCU2 TBC2press = 0V,4,0.0,0.0
FT0115978-TB0 REV.A00,Test LCU2 TBC2press = 2.5V,4,0.0,0.0
FT0115978-TB0 REV.A00,Test LCU2 TBC2press = 4.5V,4,0.0,0.0
FT0115978-TB0 REV.A00,Test LCU2 TLP2press = 0V,4,0.0,0.0
FT0115978-TB0 REV.A00,Test LCU2 TLP2press = 2.5V,4,0.0,0.0
FT0115978-TB0 REV.A00,Test LCU2 TLP2press = 4.5V,4,0.0,0.0
FT0115978-TB0 REV.A00,Test LCU2 TPLpress = 0V,4,0.0,0.0
FT0115978-TB0 REV.A00,Test LCU2 TPLpress = 2.5V,4,0.0,0.0
FT0115978-TB0 REV.A00,Test LCU2 TPLpress = 4.5V,4,0.0,0.0
FT0115978-TB0 REV.A00,Test LMC2 SafLoop = OFF,4,0.0,0.0
FT0115978-TB0 REV.A00,Test LMC2 SafLoop = ON,4,0.0,0.0
FT0115978-TB0 REV.A00,Test MVB,4,0.0,0.0
FT0115978-TB0 REV.A00,Test Mac Address FTI Id,4,0.0,0.0
FT0115978-TB0 REV.A00,Test PWM1 = OFF,4,0.0,0.0
FT0115978-TB0 REV.A00,Test PWM1 = ON,4,0.0,0.0
FT0115978-TB0 REV.A00,Test PWM2 = OFF,4,0.0,0.0
FT0115978-TB0 REV.A00,Test PWM2 = ON,4,0.0,0.0
FT0115978-TB0 REV.A00,Test RS485 communication on LCM1,4,0.0,0.0
FT0115978-TB0 REV.A00,Test RS485 communication on LCM2,4,0.0,0.0
FT0115978-TB0 REV.A00,"Test TApress Voltage 0-5V on CPUG2, LCU1, LCU2",4,0.0,0.0
FT0115978-TB0 REV.A00,"Test TBC1press Voltage 0-5V on CPUG2, LCU1, LCU2",4,0.0,0.0
FT0115978-TB0 REV.A00,"Test TBC2press Voltage 0-5V on CPUG2, LCU1, LCU2",4,0.0,0.0
FT0115978-TB0 REV.A00,"Test TLP1press Voltage 0-5V on CPUG2, LCU1",4,0.0,0.0
FT0115978-TB0 REV.A00,"Test TLP2press Voltage 0-5V on CPUG2, LCU2",4,0.0,0.0
FT0115978-TB0 REV.A00,"Test TPLpress Voltage 0-5V on CPUG2, LCU1, LCU2",4,0.0,0.0
FT0115978-TB0 REV.A00,Test Vdigital1,4,0.0,0.0
FT0115978-TB0 REV.A00,Test Vdigital2,4,0.0,0.0
FT0115978-TB0 REV.A00,Test relays CC: IN1A-IN1B line,4,0.0,0.0
FT0115978-TB0 REV.A00,Test relays CC: IN2A-IN2B line,4,0.0,0.0
FT0115978-TB0 REV.A00,Test relays CC: OUT1A-OUT1B line,4,0.0,0.0
FT0115978-TB0 REV.A00,Test relays CC: OUT2A-OUT2B line,4,0.0,0.0
FT0115978-TB0 REV.A00,Test with termination resistor: IN1A-IN1B line,4,0.0,0.0
FT0115978-TB0 REV.A00,Test with termination resistor: IN2A-IN2B line,4,0.0,0.0
FT0115978-TB0 REV.A00,Test with termination resistor: OUT1A-OUT1B line,4,0.0,0.0
FT0115978-TB0 REV.A00,Test with termination resistor: OUT2A-OUT2B line,4,0.0,0.0
FT0115978-TB0 REV.A00,Test without termination resistor: IN1A-IN1B line,4,0.0,0.0
FT0115978-TB0 REV.A00,Test without termination resistor: IN2A-IN2B line,4,0.0,0.0
FT0115978-TB0 REV.A00,Test without termination resistor: OUT1A-OUT1B line,4,0.0,0.0
FT0115978-TB0 REV.A00,Test without termination resistor: OUT2A-OUT2B line,4,0.0,0.0
FT0115978-TB0 REV.A00,VBAT2 Activation at 110V,4,0.0,0.0
FT0115978-TB0 REV.A00,WSP_Fill1 Activation at time=0,4,0.0,0.0
FT0115978-TB0 REV.A00,WSP_Fill2 Activation at time=0,4,0.0,0.0
FT0115978-TB0 REV.A00,WSP_Vent1 Activation at time=0,4,0.0,0.0
FT0115978-TB0 REV.A00,WSP_Vent2 Activation at time=0,4,0.0,0.0
FT0115978-TB0 REV.A00,Wait WSP_Fill1 monostable trip time,4,0.0,0.0
FT0115978-TB0 REV.A00,Wait WSP_Fill2 monostable trip time,4,0.0,0.0
FT0115978-TB0 REV.A00,Wait WSP_Vent1 monostable trip time,4,0.0,0.0
FT0115978-TB0 REV.A00,Wait WSP_Vent2 monostable trip time,4,0.0,0.0
FT0123276-TB0 Rev A00,Laser quote,4,0.0,0.0
FT0123276-TB0 Rev A00,Position Verify,4,0.0,0.0
FT0123276-TB0 Rev A00,Seeger Quote,4,0.0,0.0
FT0123276-TB0 Rev A00,Seeger Quote Trimmed,4,0.0,0.0
FT0123276-TB0 Rev A00,Spring Rings Depth,4,0.0,0.0
FT0123276-TB0 Rev A00,Thicknesses Assembling,4,0.0,0.0
FT0123276-TB0 Rev A00,Cable & automatic valves setup,2,0.0,0.0
FT0123276-TB0 Rev A00,Initial Setup,2,0.0,0.0
FT0123276-TB0 Rev A00,MGD Crush Verify Loop 1,2,0.0,0.0
FT0123276-TB0 Rev A00,MGD Crush Verify Loop 2,2,0.0,0.0
FT0123276-TB0 Rev A00,MGD Crush Verify Loop 3,2,0.0,0.0
FT0123276-TB0 Rev A00,Spring Ratio Crush,2,0.0,0.0
FT0123276-TB0 Rev A00,Spring Ratio Min,2,0.0,0.0
FT0123276-TB0 Rev A00,Valve Input Pressure,2,0.0,0.0
FT0115977-TB0 Rev A00,TLP1 at 7 Bar,1,0.0,0.0
FT0115977-TB0 Rev A00,TLP2 at 7 Bar,1,0.0,0.0
FT0115977-TB0 Rev A00,TSP1 at 7 Bar,1,0.0,0.0
FT0115977-TB0 Rev A00,TSP2 at 7 Bar,1,0.0,0.0
FT0123276-TB0 Rev A00,CV Pressure Increase in 5 min,1,0.0,0.0
FT0123276-TB0 Rev A00,MGD MIN Verify Loop 1,1,0.0,0.0
FT0123276-TB0 Rev A00,MGD MIN Verify Loop 2,1,0.0,0.0
FT0123276-TB0 Rev A00,MGD MIN Verify Loop 3,1,0.0,0.0
FT0123276-TB0 Rev A00,Pressure Leakage in 5 min,1,0.0,0.0
FT0123276-TB0 Rev A00,QR code Printing,1,0.0,0.0
FT0123276-TB0 Rev A00,"T2 EVLoad Off Rid2 6,9Bar",1,0.0,0.0
FT0123276-TB0 Rev A00,T2 Initial Pressure,1,0.0,0.0
FT0123276-TB0 Rev A00,T2 Pressure,1,0.0,0.0
FT0123276-TB0 Rev A00,T2 Pressure After R3 closed (Crush discharge),1,0.0,0.0
FT0123276-TB0 Rev A00,T2 Pressure EV Load ON,1,0.0,0.0
FT0123276-TB0 Rev A00,"T4 EVLoad Off Rid2 6,9Bar",1,0.0,0.0
FT0123276-TB0 Rev A00,T4 Pressure After 5 Min,1,0.0,0.0
FT0123276-TB0 Rev A00,T4 Pressure After EV load,1,0.0,0.0
FT0123276-TB0 Rev A00,T4 Pressure EV Load ON,1,0.0,0.0
